id,date,user,pc,activity
{Q4D5-W4HH44UC-5188LWZK},01/02/2010 02:24:51,JBI1134,PC-0168,Logon
{G7V0-S4TP95SA-9203AOGR},01/02/2010 02:38:28,JBI1134,PC-0168,Logoff
{B4U7-K4DB84LM-2657VBFY},01/02/2010 04:55:52,JBI1134,PC-2320,Logon
{K2E1-W7VG04OA-3686THSV},01/02/2010 05:02:28,JBI1134,PC-2320,Logoff
{Z7B2-Z8AS75YE-4485NAFE},01/02/2010 06:35:00,HMI1448,PC-9352,Logon
{H2N5-X1QK85TW-4800RFFG},01/02/2010 06:36:55,JBI1134,PC-5439,Logon
{S4B7-R6UW34WW-9244WTVD},01/02/2010 06:38:42,JBI1134,PC-5439,Logoff
{K5P1-Y6HZ87QS-5849WSYS},01/02/2010 06:46:00,KMC1934,PC-2683,Logon
{P6B3-G4RP59TS-5233ZZFI},01/02/2010 06:50:00,JBI1134,PC-7235,Logon
{R7Y5-U1VO87KN-5237KNZT},01/02/2010 06:55:00,HRE1950,PC-8025,Logon
{T1U7-I7JB26LP-7140HNMC},01/02/2010 06:56:00,HBP0009,PC-8466,Logon
{U2A0-J3ZO81IH-6510VANL},01/02/2010 06:58:00,OCW1127,PC-7239,Logon
{A3Q7-G9CV17YG-8280HQAG},01/02/2010 06:59:00,PMB1928,PC-0026,Logon
{X4J4-O2DE04LN-6069UNXT},01/02/2010 07:09:00,DCB0446,PC-7490,Logon
{L2L1-Y3CC03EE-4739DMKJ},01/02/2010 07:13:59,JBI1134,PC-2226,Logon
{L8S9-Q2NS95NB-3167LHVG},01/02/2010 07:15:00,OHR0583,PC-0804,Logon
{L0R0-D3NR92UX-9782DQLO},01/02/2010 07:16:00,QGB0554,PC-2999,Logon
{B3I3-N7WL96RV-0190VIKR},01/02/2010 07:16:08,JBI1134,PC-2226,Logoff
{E9W5-L8HB85RJ-1921SJPX},01/02/2010 07:17:00,HWR1573,PC-0766,Logon
{Y8X6-P7RZ78IB-5529OKIL},01/02/2010 07:19:00,RDC0128,PC-2973,Logon
{O7D4-E1LN25FZ-3818EPVD},01/02/2010 07:20:00,LAS0129,PC-1252,Logon
{W2Y8-O5TX23UE-5273HELU},01/02/2010 07:21:00,LIJ1581,PC-6639,Logon
{H9L6-T5BK67RE-9499GXDI},01/02/2010 07:22:00,BCC1597,PC-2558,Logon
{Y9Z7-X7DP20UN-1901FNFC},01/02/2010 07:24:00,AKS0586,PC-5335,Logon
{P4C0-T4BM87QB-3449PLUA},01/02/2010 07:24:00,HRT0984,PC-7416,Logon
{U0U5-J2AX64NN-7430KKNP},01/02/2010 07:27:00,VRP0267,PC-5687,Logon
{I6W1-W3MG71AW-4776ITNU},01/02/2010 07:28:00,AHN0681,PC-9843,Logon
{W0Y4-M0TE51CP-5841GYLV},01/02/2010 07:28:00,EMR0269,PC-7899,Logon
{O2M9-M7AZ48CD-8197GBWM},01/02/2010 07:29:00,DSB0530,PC-7866,Logon
{T6R9-O7HI22LC-5988COVZ},01/02/2010 07:30:00,BWJ1539,PC-4624,Logon
{C5A4-H7TL17YY-6676ZEMN},01/02/2010 07:30:00,VPA0974,PC-5545,Logon
{R5I6-T9JA21LY-6937AQVH},01/02/2010 07:31:00,JRS0674,PC-7426,Logon
{C3R2-T2TW74TX-3464IJIM},01/02/2010 07:31:00,TKH1718,PC-5226,Logon
{D0X6-C4JZ59ZK-2610AEPX},01/02/2010 07:33:00,MRW0625,PC-0695,Logon
{D4U9-U5DU80RR-3286YBXG},01/02/2010 07:33:00,SJG0228,PC-2145,Logon
{X8Y2-S6IG70VE-2437JWPD},01/02/2010 07:34:00,AEG0962,PC-9155,Logon
{B0G5-P2XR80RE-6009PRBI},01/02/2010 07:34:00,IRH1224,PC-4126,Logon
{E1F9-R6AJ57FQ-3746LWBX},01/02/2010 07:35:00,IQT0352,PC-2822,Logon
{W9K6-U0UX80IE-4062WXGG},01/02/2010 07:35:00,MKH0260,PC-9595,Logon
{E6V2-X6FP07UV-0493UREB},01/02/2010 07:36:46,DSB0530,PC-7299,Logon
{K6Y7-F2PL73CR-2705BTYI},01/02/2010 07:37:00,BUE1561,PC-8822,Logon
{S9E0-I9TU63NA-9810KWLH},01/02/2010 07:37:00,DMN1365,PC-1667,Logon
{Z4N9-P7UO37PR-8448JOEV},01/02/2010 07:39:25,EMR0269,PC-6370,Logon
{E5Y8-B0AL13TY-9228MQOQ},01/02/2010 07:40:00,AHN0681,PC-1275,Logon
{R3Z9-U5YR87BS-2979BOUZ},01/02/2010 07:40:00,ELT1370,PC-1929,Logon
{X0C4-S3RJ20AY-4832PPRI},01/02/2010 07:41:00,JMM0613,PC-7127,Logon
{U0W7-L7ZR26PC-8024BTVF},01/02/2010 07:42:00,TSG0262,PC-9993,Logon
{H7L4-Q2KG38AE-9413YYKV},01/02/2010 07:44:00,KDC1240,PC-3537,Logon
{U3L5-D8ZD99IK-6715VWBI},01/02/2010 07:45:00,GVM1337,PC-6338,Logon
{P3O2-S0ZA20CB-6170MKXI},01/02/2010 07:45:00,KBC0818,PC-2626,Logon
{V8G1-H6TI24RW-6232GRGO},01/02/2010 07:45:00,LKM0230,PC-8111,Logon
{R1Q0-O3RM06DA-4253MBND},01/02/2010 07:45:00,QCR0394,PC-6491,Logon
{F6E7-U9YL89TO-1089ASHE},01/02/2010 07:45:00,SEL1062,PC-3379,Logon
{E2R2-V8LC42HC-4150GRQB},01/02/2010 07:45:00,SVF1858,PC-7110,Logon
{N5S4-I5KS14YN-7402UEYN},01/02/2010 07:46:00,ESH1028,PC-6004,Logon
{N5M2-P7JX12FR-7818MOFF},01/02/2010 07:46:00,IBR0131,PC-4345,Logon
{H9R9-A9HB24QO-6176ZXLV},01/02/2010 07:46:00,ZHR0596,PC-0783,Logon
{I8F0-C3BK67QZ-4204RVOH},01/02/2010 07:48:00,HLG1851,PC-2242,Logon
{N0L9-N6QV93XZ-5345MHUY},01/02/2010 07:48:00,TTR1792,PC-2699,Logon
{U6I8-G7ZD56BL-6707NSCA},01/02/2010 07:49:00,HMW0602,PC-7686,Logon
{O3I5-P0CN98SZ-5778YEEI},01/02/2010 07:50:00,NMF1088,PC-7612,Logon
{U5S9-T3HA80UX-4160GFWC},01/02/2010 07:51:00,HTM1498,PC-6499,Logon
{Y5B1-Z0TJ13OG-8339ZVPC},01/02/2010 07:51:18,EMR0269,PC-6370,Logoff
{W6Q2-E1GT86PB-8883VPZK},01/02/2010 07:53:00,JDB1163,PC-3342,Logon
{E3V5-P7XJ64SV-2627IMUL},01/02/2010 07:53:00,THB1069,PC-1574,Logon
{N7E0-B0TE51UH-9012ZKUV},01/02/2010 07:53:37,AHN0681,PC-1275,Logoff
{K8O6-Q0GC86VF-1536AAUT},01/02/2010 07:54:00,ACJ1797,PC-2009,Logon
{X8C6-D3KM76AZ-5677RDHY},01/02/2010 07:54:00,GAT1343,PC-8168,Logon
{G8D5-F4YM80HO-6927BASG},01/02/2010 07:54:00,XNC1338,PC-1858,Logon
{O0Z6-O0NZ28FF-5355FQZW},01/02/2010 07:54:00,YJB0171,PC-5269,Logon
{T0X9-F7AH12ZX-8971JBWT},01/02/2010 07:55:00,BGR0917,PC-5297,Logon
{H4T9-A1VJ91FG-6487BAUW},01/02/2010 07:55:00,HRR1154,PC-8385,Logon
{R4M3-D9QJ33HX-9936KMIZ},01/02/2010 07:55:00,LNS0317,PC-6671,Logon
{O1Q5-Y4UA34WE-2663XPDX},01/02/2010 07:56:00,SKW0066,PC-4099,Logon
{Q9U7-O9XJ00DB-2679ITNG},01/02/2010 07:58:00,JEC1427,PC-1649,Logon
{F2C1-H9UZ39VM-6623BGLT},01/02/2010 07:58:00,KJM0889,PC-3982,Logon
{X0X3-E2WI74QJ-9102JDGZ},01/02/2010 07:58:00,OIP1053,PC-9821,Logon
{B8I4-N6XQ44RM-7604MWKS},01/02/2010 07:59:00,DYN1105,PC-8118,Logon
{Y5Z7-B6HS38FR-1635CDMZ},01/02/2010 07:59:00,RCD0299,PC-6719,Logon
{E8Z6-L0FE97XQ-8424WBRQ},01/02/2010 08:00:00,DDR1876,PC-4189,Logon
{K5D9-L5WR83VU-8697MTBO},01/02/2010 08:00:00,ILM1441,PC-3978,Logon
{A7I3-S8DG58GX-5023AGNA},01/02/2010 08:00:00,LDM0399,PC-1376,Logon
{Y8Y5-B9SL62SE-4108SWLH},01/02/2010 08:01:00,MAG0780,PC-3166,Logon
{L2L2-S1KZ66VU-4509IIDB},01/02/2010 08:03:00,ACC0950,PC-0765,Logon
{J3J9-Q5YU11PY-8596QJCE},01/02/2010 08:04:00,HMC1847,PC-6640,Logon
{V5R9-Z6CL98WL-8806DOTT},01/02/2010 08:06:00,ATD0517,PC-4139,Logon
{F9J6-O8SH90AP-3828RBPC},01/02/2010 08:06:00,ESM1828,PC-7721,Logon
{W5N5-Z4PY41FL-6472XJTG},01/02/2010 08:07:00,JRC1963,PC-2666,Logon
{A8A1-Y4ZZ33RA-7660FCVS},01/02/2010 08:09:00,PJB0886,PC-1237,Logon
{B7T1-L7YZ87IR-2229LNKV},01/02/2010 08:10:00,KHG0205,PC-1392,Logon
{G0K6-E5TH97NO-0295BPTR},01/02/2010 08:12:00,DHS0204,PC-5749,Logon
{G6I8-Q2GQ66CS-6507WTCW},01/02/2010 08:15:00,AFC0792,PC-1262,Logon
{L0K2-E2PI32KR-6327LHKO},01/02/2010 08:15:00,ARD0790,PC-1832,Logon
{V9P4-R6MQ75CP-4866NJSZ},01/02/2010 08:15:00,AWD1976,PC-8049,Logon
{J8D1-Y4TX16YX-6141YFNG},01/02/2010 08:15:00,DEO1964,PC-3336,Logon
{O3W2-R2LJ65GE-5762CCDU},01/02/2010 08:15:00,NMP0782,PC-2155,Logon
{K8M3-O4CI93EW-2380RXIO},01/02/2010 08:18:47,DSB0530,PC-7299,Logoff
{K6Y9-H3KT25RW-8964GIHW},01/02/2010 08:18:49,ESH1028,PC-7299,Logon
{V2C6-J3PM34YT-9206CNZH},01/02/2010 08:19:00,CCC1900,PC-8032,Logon
{N3W2-F4IM66TR-3782BWBJ},01/02/2010 08:19:50,ESH1028,PC-7299,Logoff
{Q0G9-G7TQ49CM-1758CQHB},01/02/2010 08:19:52,VPA0974,PC-7299,Logon
{P1Y5-D4KN97TR-1481CXBP},01/02/2010 08:21:00,HMC1677,PC-2206,Logon
{V4U3-D4VJ35QD-4934PHRF},01/02/2010 08:22:00,JIL1675,PC-5261,Logon
{U5F2-H0IO39JU-0487ILAF},01/02/2010 08:22:39,VPA0974,PC-7299,Logoff
{X9D3-K1FQ58PG-6957AZRO},01/02/2010 08:22:46,XNC1338,PC-7299,Logon
{F4Y5-J3SF60FV-0762IILQ},01/02/2010 08:23:00,BYV1695,PC-1240,Logon
{Y4M4-B1BK84QX-7850XDOI},01/02/2010 08:24:00,DCR1648,PC-8873,Logon
{S1F5-A2CN78YT-6346TGAJ},01/02/2010 08:24:48,XNC1338,PC-7299,Logoff
{L6A9-Y8YM23BU-7994OJGB},01/02/2010 08:25:04,ILM1441,PC-7299,Logon
{U2W6-X6VO06GF-7485BLCM},01/02/2010 08:27:00,KAD0387,PC-0557,Logon
{D7E4-M6BN11RS-4201KRTN},01/02/2010 08:28:00,DCA0857,PC-3118,Logon
{I3A5-V0AB11QZ-6477DGPD},01/02/2010 08:28:00,RFP1918,PC-2165,Logon
{L0O4-C7NV67SQ-5119AOKI},01/02/2010 08:28:00,TLM0421,PC-2223,Logon
{M3Y0-A3AC50JW-1888MCNQ},01/02/2010 08:29:00,SFJ0856,PC-2281,Logon
{K7S9-C7KH31FP-7787CVWC},01/02/2010 08:31:00,BDF0015,PC-2477,Logon
{I4U5-L1SV56AP-4859ZCLK},01/02/2010 08:36:00,KIS1205,PC-1031,Logon
{T6P8-F5AU31PN-9928KPEK},01/02/2010 08:41:00,XBK0246,PC-6605,Logon
{X6H5-J5AM93NY-1789GZDI},01/02/2010 08:51:00,BJM1314,PC-1012,Logon
{U2Z5-Y4CY43PH-1724BEFG},01/02/2010 08:52:00,LSN1462,PC-2754,Logon
{R7D6-K6HJ53FX-6684DULD},01/02/2010 08:52:00,SKC0074,PC-7520,Logon
{X7R2-P9IY46JA-6323MIER},01/02/2010 08:54:00,FMG1549,PC-6008,Logon
{K9Y4-D5QQ94XN-2749TWAY},01/02/2010 08:56:25,ILM1441,PC-7299,Logoff
{L2C2-Q7TH64DK-1236LHSJ},01/02/2010 08:56:39,LIJ1581,PC-7299,Logon
{Y0A4-H1YL52RQ-3185VBZR},01/02/2010 08:57:00,AAB1302,PC-5565,Logon
{C1M2-C2XV71PB-8600MUNU},01/02/2010 09:00:00,HST0084,PC-2600,Logon
{Q2U4-F4CQ91AW-0641EZLD},01/02/2010 09:02:00,LRV1554,PC-7745,Logon
{Z4Q9-U8FZ03XV-8455EFSV},01/02/2010 09:06:00,PSV1737,PC-9364,Logon
{H2E5-Q2FH06CX-3955ETKI},01/02/2010 09:09:00,NVA1748,PC-5945,Logon
{Y4Q2-A6MS31SB-2060FYKU},01/02/2010 09:10:00,KRC0098,PC-4767,Logon
{G7C2-L1LP33AE-9618NTFN},01/02/2010 09:12:00,CBN1983,PC-7015,Logon
{P1V5-H6PI74TU-9392SGXK},01/02/2010 09:15:05,LIJ1581,PC-7299,Logoff
{B7N3-I5CN69IE-8175YKGA},01/02/2010 09:30:15,BDF0015,PC-7299,Logon
{F9O9-W3AH11NX-0737ZUVO},01/02/2010 09:59:45,LDM0399,PC-1376,Logon
{N7S4-Z3FI88UP-5612WWVF},01/02/2010 10:03:26,BDF0015,PC-7299,Logoff
{N1U7-R5AI22QH-7708QVYJ},01/02/2010 10:08:19,LRV1554,PC-7299,Logon
{E5C1-K1JS59IM-4330GVBY},01/02/2010 10:13:47,LRV1554,PC-7299,Logoff
{F7S5-L5KY48PY-0857TJCL},01/02/2010 10:26:37,LAS0129,PC-1252,Logon
{D1Q4-N8SW50XU-5720VPSR},01/02/2010 10:39:31,KMC1934,PC-2683,Logon
{W4K8-Y4LP44EJ-8971VEFC},01/02/2010 10:41:45,JBI1134,PC-7235,Logon
{C6R7-A2PN09FU-9298LNIQ},01/02/2010 10:59:01,ATD0517,PC-4139,Logon
{P8X0-D7BY40CA-9847GCRU},01/02/2010 10:59:33,GVM1337,PC-6338,Logon
{F7E0-L9LL65YU-8256ZQTY},01/02/2010 11:02:11,HMI1448,PC-9352,Logon
{A1B1-H9DA74ST-5804OUOA},01/02/2010 11:07:04,AHN0681,PC-9843,Logon
{B5A3-K5TS54HV-8484UAVE},01/02/2010 11:19:14,OCW1127,PC-5872,Logon
{U4B2-Q0VY91SL-8890VEKV},01/02/2010 11:26:16,ESM1828,PC-7299,Logon
{G8A6-A1RX88MX-3716DOVF},01/02/2010 11:27:45,PJB0886,PC-1237,Logon
{Y5R5-F8VJ61YV-5359AGYK},01/02/2010 11:28:01,DSB0530,PC-7866,Logon
{S0A5-G3WB72QC-9039JTGA},01/02/2010 11:29:00,OCW1127,PC-5872,Logoff
{A8Z4-I1CU74GE-4272QXKV},01/02/2010 11:30:57,HMC1847,PC-6640,Logon
{O9P9-D2RC45WX-8037KANI},01/02/2010 11:36:21,FMG1549,PC-6008,Logon
{F7C1-O9SQ02YQ-1782DFUE},01/02/2010 11:38:46,IBR0131,PC-4345,Logon
{N0L3-O3JG08IJ-5933XRBX},01/02/2010 11:54:20,ELT1370,PC-1929,Logon
{I5Z1-J0AO69VJ-0812NPXT},01/02/2010 11:56:24,AEG0962,PC-9155,Logon
{F0Y6-U9DZ87YA-3649KYFY},01/02/2010 12:07:32,MRW0625,PC-0695,Logon
{U1S2-J1NU31IG-5859LCFZ},01/02/2010 12:25:39,RDC0128,PC-2973,Logon
{U8Q5-M9MD00UD-1521DXJF},01/02/2010 12:26:07,ESM1828,PC-7299,Logoff
{J1G6-N6BT43NM-1774FXOQ},01/02/2010 12:26:08,JIL1675,PC-5261,Logon
{U6Z9-A0LR86TQ-6258PUFG},01/02/2010 12:26:37,ELT1370,PC-7299,Logon
{U9O7-P8DD64QF-1940PKTM},01/02/2010 12:28:47,TKH1718,PC-5226,Logon
{F3G7-O0DE86SX-9587KEVY},01/02/2010 12:31:05,SKW0066,PC-4099,Logon
{I5R7-T7QL64JX-1137PVYM},01/02/2010 12:33:06,ELT1370,PC-7299,Logoff
{K5A0-P4DP28JW-7624KQDJ},01/02/2010 12:35:38,DDR1876,PC-7299,Logon
{I6G8-Q1FF06HY-4133JUKO},01/02/2010 12:35:54,SEL1062,PC-3379,Logon
{U7O6-Q3BX86WX-3319OHUX},01/02/2010 12:36:53,ESH1028,PC-6004,Logon
{X2S8-Z8AL82MV-2528VPZK},01/02/2010 12:38:14,HBP0009,PC-8466,Logon
{J5U5-R7RV72YB-6148OQBG},01/02/2010 12:39:10,JDB1163,PC-3342,Logon
{M3R4-V3NW89EN-5027SKLV},01/02/2010 12:39:20,OCW1127,PC-7239,Logon
{F1J2-Q3DT30UW-3457WSZA},01/02/2010 12:45:52,HMC1677,PC-2206,Logon
{A4Q0-J8GZ52QH-6234CZWP},01/02/2010 12:55:27,JRC1963,PC-2666,Logon
{D6M4-B2MP27YN-0399GFEY},01/02/2010 12:55:56,DDR1876,PC-7299,Logoff
{V7G7-B3DJ29FW-2162PSGV},01/02/2010 12:58:40,KJM0889,PC-3982,Logon
{U0U0-Z3TJ40RO-4444CPOP},01/02/2010 13:07:19,AAB1302,PC-5565,Logon
{Q8N1-N2TB67NY-4937QJTA},01/02/2010 13:08:57,SJG0228,PC-2145,Logon
{A8X9-G2FQ76OW-5920JCTE},01/02/2010 13:09:19,KBC0818,PC-2626,Logon
{P1Y8-B7DJ90CJ-1269ZIWT},01/02/2010 13:10:38,HMW0602,PC-7686,Logon
{P0J8-Y3GZ61XV-6791KPVC},01/02/2010 13:14:54,NMF1088,PC-7612,Logon
{D4B8-W7EB44CP-6301MFJJ},01/02/2010 13:18:04,KDC1240,PC-3537,Logon
{W5O0-W4XF00KU-7337JEUV},01/02/2010 13:20:38,BDF0015,PC-2477,Logon
{P7X9-Y7KC60JN-2203EDDG},01/02/2010 13:24:07,VPA0974,PC-5545,Logon
{J5S9-W0UT35NW-3448BOFA},01/02/2010 13:31:09,DHS0204,PC-5749,Logon
{W7K2-J5HA74WL-5833LLTI},01/02/2010 13:36:43,OCW1127,PC-8536,Logon
{X8I4-V9BH17HG-4661RELX},01/02/2010 13:39:04,RCD0299,PC-6719,Logon
{F2H9-A9MB55QY-9777QZMJ},01/02/2010 13:44:28,TTR1792,PC-2699,Logon
{S4O6-N8YJ23RJ-5097PSJJ},01/02/2010 13:44:29,XNC1338,PC-1858,Logon
{Z0E5-U6GT25HD-5518FKRX},01/02/2010 13:48:20,OCW1127,PC-8536,Logoff
{X3E4-A0FJ77UQ-5820NQXL},01/02/2010 13:48:57,KIS1205,PC-1031,Logon
{U4Y2-A3TV04IL-9588GNDB},01/02/2010 13:52:58,DDR1876,PC-4189,Logon
{Y1U7-G1QQ06MZ-0202SAHE},01/02/2010 13:58:38,LRV1554,PC-7745,Logon
{J5T9-Q2UV00RM-9486JDFU},01/02/2010 14:01:38,DCR1648,PC-8873,Logon
{V8P1-B6AJ41PG-5455WRTU},01/02/2010 14:04:40,ARD0790,PC-1832,Logon
{A6O6-Q2ET91DS-9665WROP},01/02/2010 14:08:35,KRC0098,PC-4767,Logon
{U0G0-S0AJ24VA-3275FAQE},01/02/2010 14:10:33,JBI1134,PC-7872,Logon
{H5Z4-E5QK79UL-1217CDKQ},01/02/2010 14:29:38,JBI1134,PC-7872,Logoff
{K6C8-W5WE96BN-9319XOAF},01/02/2010 14:30:30,XBK0246,PC-6605,Logon
{S2E7-Z0WD76QB-8322RYKD},01/02/2010 15:46:00,ELT1370,PC-1929,Logoff
{L9K6-I6RC57IZ-4551LHAC},01/02/2010 15:46:00,IQT0352,PC-2822,Logoff
{C6U3-C6SA62WN-5316DDVD},01/02/2010 15:51:00,JMM0613,PC-7127,Logoff
{Q7W5-A4WB18WT-1160VGAM},01/02/2010 16:00:00,BUE1561,PC-8822,Logoff
{G0J7-R0LC36YW-6325QYFL},01/02/2010 16:00:00,DMN1365,PC-1667,Logoff
{W0K5-R4WT26VY-0220WGKL},01/02/2010 16:00:00,ESH1028,PC-6004,Logoff
{P3Z9-E2JH55GO-5616BUSX},01/02/2010 16:00:00,MRW0625,PC-0695,Logoff
{J3P8-H1FA39TV-7464DUYL},01/02/2010 16:00:00,RCD0299,PC-6719,Logoff
{C6H9-O4HK02YO-4419MMJB},01/02/2010 16:02:00,OCW1127,PC-7239,Logoff
{Y4F7-Z4YO53VZ-5349BTHC},01/02/2010 16:03:00,HRE1950,PC-8025,Logoff
{S8C2-U0CE64XA-6247NRRY},01/02/2010 16:03:00,JEC1427,PC-1649,Logoff
{H2Z3-J2YG05VY-2563SWUT},01/02/2010 16:04:00,JBI1134,PC-7235,Logoff
{J8H9-Q9DG64RD-0937QYRI},01/02/2010 16:04:00,NMF1088,PC-7612,Logoff
{F6F8-X8JY43EG-9988LQPZ},01/02/2010 16:06:00,THB1069,PC-1574,Logoff
{F5F2-W7NX68PM-2057LPGX},01/02/2010 16:09:00,PMB1928,PC-0026,Logoff
{N6N7-M9LO40WX-4541MJOV},01/02/2010 16:11:00,KMC1934,PC-2683,Logoff
{B8T2-R4DT72YZ-7622ELEE},01/02/2010 16:12:00,ILM1441,PC-3978,Logoff
{Y7K7-H4GC48OV-5270FKKB},01/02/2010 16:14:00,SEL1062,PC-3379,Logoff
{A3R8-W5RA16ZJ-7262SGXX},01/02/2010 16:15:00,DCB0446,PC-7490,Logoff
{F4V9-G8SI06BL-7491VWXJ},01/02/2010 16:20:00,ESM1828,PC-7721,Logoff
{G6F7-P3SM70KH-3341FPRH},01/02/2010 16:22:00,ATD0517,PC-4139,Logoff
{H2G2-C8WH99RC-1377HGBJ},01/02/2010 16:23:00,HMC1847,PC-6640,Logoff
{W8Z1-R2KI17KD-3353JWRJ},01/02/2010 16:30:00,OHR0583,PC-0804,Logoff
{Q1Q6-L0KH31EW-6420PTOC},01/02/2010 16:34:00,AKS0586,PC-5335,Logoff
{I0Y3-H8ZK27SN-8129CTCV},01/02/2010 16:34:00,VPA0974,PC-5545,Logoff
{V7K0-S2MW01IS-3385ZSLR},01/02/2010 16:39:00,HRT0984,PC-7416,Logoff
{U1G9-K0IX47VA-6385SMGI},01/02/2010 16:39:00,RDC0128,PC-2973,Logoff
{T7J4-M2LK44MG-1722HHST},01/02/2010 16:41:00,LAS0129,PC-1252,Logoff
{N1H3-D7AN17BH-7634DUGE},01/02/2010 16:44:00,QGB0554,PC-2999,Logoff
{E9E6-Q8NT62TS-1817LBUU},01/02/2010 16:47:00,HMI1448,PC-9352,Logoff
{Y0I9-C1KV26FP-6382CBAU},01/02/2010 16:49:00,SJG0228,PC-2145,Logoff
{O4X5-N6PC63SN-0756OYNH},01/02/2010 16:50:00,AEG0962,PC-9155,Logoff
{O3O5-Z5QJ95OU-5606RJAD},01/02/2010 16:51:00,XBK0246,PC-6605,Logoff
{R9A8-O4YA60QA-1891GSVY},01/02/2010 16:55:00,KDC1240,PC-3537,Logoff
{B3F9-P9ZG77XT-9211LGBH},01/02/2010 17:00:00,GVM1337,PC-6338,Logoff
{M8R7-F5CD52CP-5038CGVD},01/02/2010 17:01:00,LDM0399,PC-1376,Logoff
{I4J5-U7WN83JX-2868UOIF},01/02/2010 17:03:37,KJM0889,PC-7299,Logon
{O3J9-I2HY26EB-2434ZEMW},01/02/2010 17:04:00,IBR0131,PC-4345,Logoff
{H2I3-B8FR87TR-7372IPUW},01/02/2010 17:05:00,QCR0394,PC-6491,Logoff
{B1T4-L6CS97KB-3112AOVN},01/02/2010 17:06:00,HBP0009,PC-8466,Logoff
{M8U7-I2AC56CK-9417GVDY},01/02/2010 17:08:00,HTM1498,PC-6499,Logoff
{A7Y0-E4IC96FL-3364SDJM},01/02/2010 17:09:00,GAT1343,PC-8168,Logoff
{E9D9-X3FW98UK-6939FLYA},01/02/2010 17:09:00,YJB0171,PC-5269,Logoff
{R6P6-R2DH97KC-8200HXWO},01/02/2010 17:11:00,XNC1338,PC-1858,Logoff
{B1Y5-F7NP30GI-0669ZYCI},01/02/2010 17:15:00,AWD1976,PC-8049,Logoff
{O0X0-B7YF02PJ-1540IUDK},01/02/2010 17:17:00,JRC1963,PC-2666,Logoff
{I8K1-B3RZ76LQ-2340WNCE},01/02/2010 17:24:00,DEO1964,PC-3336,Logoff
{S4D9-B7VS12NU-6208XPAU},01/02/2010 17:24:00,MAG0780,PC-3166,Logoff
{V6S2-H2GY91JS-7495CFBF},01/02/2010 17:28:36,OCW1127,PC-8053,Logon
{P7U4-J2KQ04EC-8876SHUT},01/02/2010 17:29:00,NMP0782,PC-2155,Logoff
{D2B6-B2QH36ZZ-6244TOWY},01/02/2010 17:31:46,KJM0889,PC-7299,Logoff
{Z0F1-G9NC34JU-3023LQTS},01/02/2010 17:33:31,OCW1127,PC-8053,Logoff
{W2P0-Z5JK76WZ-5202PAAF},01/02/2010 17:36:00,JIL1675,PC-5261,Logoff
{E0H5-I1MN87UJ-8668UEBP},01/02/2010 17:37:00,DCR1648,PC-8873,Logoff
{O8S9-C3EI28PS-8781CBKC},01/02/2010 17:38:00,DSB0530,PC-7866,Logoff
{C3V7-V1AV42BD-6675HAWB},01/02/2010 17:38:00,HMC1677,PC-2206,Logoff
{J0J2-C4TD56GX-3029EFPW},01/02/2010 17:39:00,BYV1695,PC-1240,Logoff
{S0K4-L4LA77MU-2560BLBM},01/02/2010 17:46:00,KIS1205,PC-1031,Logoff
{X0F4-S9CS88SD-9952VIRA},01/02/2010 17:50:00,TKH1718,PC-5226,Logoff
{G5L5-C2EB32MA-8675UDBP},01/02/2010 17:50:00,TSG0262,PC-9993,Logoff
{F9S7-L2PL01CP-9223GYSI},01/02/2010 17:55:00,BDF0015,PC-2477,Logoff
{U0N2-G5DX14SA-0548ODJH},01/02/2010 17:55:00,MKH0260,PC-9595,Logoff
{D5T3-B7DF32TL-4504BVOK},01/02/2010 17:56:00,JRS0674,PC-7426,Logoff
{D9C6-C0PM75RT-4935YGQX},01/02/2010 17:56:11,AHN0681,PC-9002,Logon
{V7M7-W8KU16EJ-5992OTCL},01/02/2010 18:02:00,HMW0602,PC-7686,Logoff
{L0Y8-R7VW78SQ-1496MAYX},01/02/2010 18:04:00,TTR1792,PC-2699,Logoff
{K2S7-M9CT37EZ-1496XCUO},01/02/2010 18:05:00,SKW0066,PC-4099,Logoff
{S2L3-Y7RR70FH-8820IDCD},01/02/2010 18:06:00,ACJ1797,PC-2009,Logoff
{R6Q5-O7MA30CO-5754VBDT},01/02/2010 18:06:00,SKC0074,PC-7520,Logoff
{D4P6-T6MW49EF-6599TLDE},01/02/2010 18:06:55,AHN0681,PC-9002,Logoff
{N0C1-O9BC81FX-0197UHAQ},01/02/2010 18:08:00,LSN1462,PC-2754,Logoff
{F1L6-C4NS42YI-3406IRPD},01/02/2010 18:08:00,OIP1053,PC-9821,Logoff
{R0X5-W3VX06TQ-2417OUKA},01/02/2010 18:09:00,HLG1851,PC-2242,Logoff
{M2A5-O4DK96DG-9603EUDP},01/02/2010 18:12:00,BGR0917,PC-5297,Logoff
{Q2U4-I9FS88ZU-5158XDDY},01/02/2010 18:12:00,KJM0889,PC-3982,Logoff
{U3J9-L9NH09YC-4509CGAG},01/02/2010 18:13:00,DDR1876,PC-4189,Logoff
{D6F0-W4VK76MC-9167MLRQ},01/02/2010 18:14:00,ZHR0596,PC-0783,Logoff
{R1Z1-Z5JF67OK-6914WSHA},01/02/2010 18:15:00,HST0084,PC-2600,Logoff
{T1S5-Z8ME93TX-9841BOJJ},01/02/2010 18:15:00,LKM0230,PC-8111,Logoff
{M1E0-C4YZ23TU-9995EWFA},01/02/2010 18:15:00,SVF1858,PC-7110,Logoff
{Z2O0-N0EJ08VA-2270EPYD},01/02/2010 18:26:00,KRC0098,PC-4767,Logoff
{D5U0-Z6TA66NH-8476IKXG},01/02/2010 18:34:00,VRP0267,PC-5687,Logoff
{F5E9-M5HC60AD-4299REFZ},01/02/2010 18:38:00,EMR0269,PC-7899,Logoff
{C2B9-Y4BH31NN-0246TKCT},01/02/2010 18:41:00,BWJ1539,PC-4624,Logoff
{S5Z3-F3GW36NT-7369QVFO},01/02/2010 18:43:00,AHN0681,PC-9843,Logoff
{S9J1-Q1FP50YE-0089YFPY},01/02/2010 18:43:00,KAD0387,PC-0557,Logoff
{U3Q0-R0AQ20SX-1202JITP},01/02/2010 19:00:00,IRH1224,PC-4126,Logoff
{K1W1-Y9QO18OB-9167DLNT},01/02/2010 19:01:00,HRR1154,PC-8385,Logoff
{E3S6-A0GE30KP-0903ZUPP},01/02/2010 19:02:00,LNS0317,PC-6671,Logoff
{I9L2-J8PZ92IV-8657AHYH},01/02/2010 19:09:00,BJM1314,PC-1012,Logoff
{P4S1-Q5PB22WZ-1153MGZU},01/02/2010 19:10:19,VRP0267,PC-8461,Logon
{K4U6-I1OR98WV-1069LCSK},01/02/2010 19:13:00,JDB1163,PC-3342,Logoff
{V8X6-K8DL10YQ-2855MASK},01/02/2010 19:14:00,AAB1302,PC-5565,Logoff
{R3A2-J0HD21VJ-6996NZSE},01/02/2010 19:14:00,FMG1549,PC-6008,Logoff
{H1B3-Q7JF70YP-2696MJAG},01/02/2010 19:17:00,NVA1748,PC-5945,Logoff
{G0D5-F9AM52LG-7683ZVEZ},01/02/2010 19:17:16,VRP0267,PC-8461,Logoff
{V0M0-B4OO11TG-6330JROX},01/02/2010 19:20:00,PJB0886,PC-1237,Logoff
{Q8I7-J2KM90AE-1480AEEL},01/02/2010 19:22:00,ACC0950,PC-0765,Logoff
{O9W1-O1JH80NR-2386LGSR},01/02/2010 19:24:00,CBN1983,PC-7015,Logoff
{X1C4-S6HS97SB-9398VQDV},01/02/2010 19:27:00,AFC0792,PC-1262,Logoff
{T1I8-S2PE39YS-8488GFBW},01/02/2010 19:27:00,LRV1554,PC-7745,Logoff
{C1Q0-B2TY10IM-4097CPMN},01/02/2010 19:29:00,ARD0790,PC-1832,Logoff
{W6H3-Y1BF94SN-5595PJGG},01/02/2010 19:30:00,PSV1737,PC-9364,Logoff
{D8W3-U9OF10EO-2767VOGI},01/02/2010 19:34:00,SFJ0856,PC-2281,Logoff
{K0M4-V8PH73RD-7999WXWZ},01/02/2010 19:35:00,HWR1573,PC-0766,Logoff
{E7D1-I4QD50VJ-4094HYXB},01/02/2010 19:36:00,BCC1597,PC-2558,Logoff
{M1D1-I5EE93FR-4925JAPA},01/02/2010 19:38:45,JRS0674,PC-7426,Logon
{J5Q6-H3WX45MG-8581UDAG},01/02/2010 19:41:00,LIJ1581,PC-6639,Logoff
{G1M0-V6HF93VX-1605IWSI},01/02/2010 19:42:00,TLM0421,PC-2223,Logoff
{C0F0-U9BI87BV-1281AMLE},01/02/2010 19:44:00,DCA0857,PC-3118,Logoff
{Y1I9-U1LO50BH-2864MVHU},01/02/2010 19:53:39,AHN0681,PC-3195,Logon
{W0D3-C5VY79YJ-8597FCNZ},01/02/2010 20:00:00,KBC0818,PC-2626,Logoff
{N9S7-A0DO76QF-3535KEUQ},01/02/2010 20:13:07,AHN0681,PC-3195,Logoff
{D0T6-G3HS33TP-9177CFRP},01/02/2010 20:14:00,DYN1105,PC-8118,Logoff
{A2W5-G9RU24IM-1868FOGL},01/02/2010 20:19:00,KHG0205,PC-1392,Logoff
{F5Z3-I4ZX29UH-2356WWTG},01/02/2010 20:23:00,DHS0204,PC-5749,Logoff
{I6V9-S2ED71QA-5686DJSS},01/02/2010 20:37:22,AHN0681,PC-7292,Logon
{W0T0-B2OI19AX-7921BIEC},01/02/2010 20:43:00,CCC1900,PC-8032,Logoff
{N1Z2-D3KG58UW-5516QGNN},01/02/2010 20:44:00,RFP1918,PC-2165,Logoff
{E3G9-J7ZH92WE-9748SBZK},01/02/2010 20:44:50,AHN0681,PC-7292,Logoff
{I4F9-F5MX16IH-4292GSMS},01/02/2010 21:05:54,AHN0681,PC-9290,Logon
{O1N6-T4XD41WN-4420LALN},01/02/2010 21:22:41,AHN0681,PC-9290,Logoff
{P4X7-O8GT98SA-9587PTWU},01/02/2010 21:59:57,VRP0267,PC-4916,Logon
{F4F6-L5SL25QC-3184NYHF},01/02/2010 22:03:25,VRP0267,PC-4916,Logoff
{B3Q8-R4TH83EN-0295MUXO},01/02/2010 22:19:05,BGR0917,PC-6500,Logon
{R4O8-K7IV60JD-2718CSDT},01/02/2010 22:28:32,VRP0267,PC-0530,Logon
{K6R3-F1BE15SE-8031QZBQ},01/02/2010 22:35:31,VRP0267,PC-0530,Logoff
{R2L9-L4ER75JY-5795DRQP},01/02/2010 22:38:35,BGR0917,PC-6500,Logoff
{M1K9-L6IQ04FO-8569NAXH},01/02/2010 22:54:59,BGR0917,PC-5956,Logon
{A6T6-R7UZ66GW-0058OCSS},01/02/2010 22:59:37,BGR0917,PC-5956,Logoff
{L4C0-Y5DG79DF-5934WDOI},01/02/2010 23:04:33,VRP0267,PC-1985,Logon
{I8Y7-R3HT56LJ-2924UUZW},01/02/2010 23:08:24,DDR1876,PC-4189,Logon
{Z1S9-N0OF20RB-0745HDZD},01/02/2010 23:09:02,BGR0917,PC-4013,Logon
{O4S4-F6UH99JZ-7307ZUAH},01/02/2010 23:12:42,VRP0267,PC-1985,Logoff
{T3U0-P1WH72SN-3541WVHM},01/02/2010 23:16:31,BGR0917,PC-4013,Logoff
{W2C2-O7SF85VH-0226QOPK},01/02/2010 23:36:05,KMC1934,PC-2683,Logon
{K8V1-J1CW09FF-8665WQDU},01/02/2010 23:38:37,OHR0583,PC-0804,Logon
{M2F3-I7WP43DV-7660RAGY},01/03/2010 00:22:39,BGR0917,PC-5437,Logon
{C7X3-F0VB21PX-3102UMMJ},01/03/2010 00:29:34,BGR0917,PC-5437,Logoff
{J8E1-I0LS30VR-5553EQOD},01/03/2010 01:18:09,KMC1934,PC-2683,Logoff
{Y2Q1-R2UC76EQ-9163EPHW},01/03/2010 01:44:10,BGR0917,PC-6910,Logon
{I2P6-E4DD60JB-1184CQFX},01/03/2010 01:46:04,BGR0917,PC-6910,Logoff
{R7I7-E1XG48HG-7444SCSE},01/03/2010 02:41:59,JRS0674,PC-7426,Logoff
{Z1O9-K1EQ30CP-2301CSEA},01/03/2010 03:37:36,BGR0917,PC-8067,Logon
{B5V2-N5DE81WO-9261WMSK},01/03/2010 03:51:32,OHR0583,PC-0804,Logoff
{I6I0-J6RS97RT-8161GFQY},01/03/2010 03:56:28,BGR0917,PC-8067,Logoff
{V3K9-K8KN71QS-9234NADQ},01/03/2010 04:06:22,BGR0917,PC-7655,Logon
{D6Y6-M4NH49HG-6495ACKO},01/03/2010 04:24:49,BGR0917,PC-7655,Logoff
{Z7T3-F5BL92NS-7679KQPZ},01/03/2010 06:30:00,CAF0109,PC-3325,Logon
{I3P2-E2HQ04HO-7248OEBP},01/03/2010 06:44:00,HJB1444,PC-3195,Logon
{B0Y2-O7FL27TB-8595HRGR},01/03/2010 06:45:00,JCB0544,PC-6264,Logon
{D4M2-D7ZV30DI-4623IPDX},01/03/2010 06:50:00,HMI1448,PC-9352,Logon
{L6Y0-T9SG41IK-6758ZWKX},01/03/2010 06:54:00,NHA0054,PC-2585,Logon
{R5K6-B3QD16AX-7685HYRM},01/03/2010 06:58:00,AWB1661,PC-1912,Logon
{F4H8-J1GP88LD-4282OLDP},01/03/2010 06:59:00,GIA1171,PC-1495,Logon
{R4Y8-V7QQ01MP-7105JVQQ},01/03/2010 07:01:00,HRE1950,PC-8025,Logon
{Z1M3-M6OV52RW-3203XUXL},01/03/2010 07:02:00,KMC1934,PC-2683,Logon
{C7H3-Z5SW26TT-8291XPTQ},01/03/2010 07:04:00,HBP0009,PC-8466,Logon
{Y9H8-G7HE77SO-6457BMOX},01/03/2010 07:08:03,DDR1876,PC-4189,Logoff
{C3N1-I4NV50MU-6829XJEC},01/03/2010 07:11:00,PMB1928,PC-0026,Logon
{A1C8-I9PY85GD-0752OHPY},01/03/2010 07:16:00,EMR0269,PC-7899,Logon
{N7L6-X7UL83EI-2518COTL},01/03/2010 07:20:00,CBD1574,PC-9687,Logon
{L4Z7-K2TB34TS-5616CXNV},01/03/2010 07:20:00,DCB0446,PC-7490,Logon
{L6O4-M2QU03YQ-9187BFBF},01/03/2010 07:25:00,CDG0551,PC-2273,Logon
{S5M5-T0MK67SY-7676VGMN},01/03/2010 07:25:00,HBR1528,PC-3311,Logon
{F2S5-A3ZE83ZQ-8942VDQW},01/03/2010 07:28:00,BCA1517,PC-9373,Logon
{K9P9-J7SI54ZE-3731YFJY},01/03/2010 07:29:00,ARD0538,PC-5216,Logon
{T2M7-V5YJ92RG-5583QYGS},01/03/2010 07:32:00,RDC0128,PC-2973,Logon
{O1I7-X7RF20RG-6259GWJJ},01/03/2010 07:32:00,VRP0267,PC-5687,Logon
{T6Y6-Y4BE01AF-3287UPLH},01/03/2010 07:33:00,AKS0586,PC-5335,Logon
{E8G8-W0HW10AX-0962TOQL},01/03/2010 07:33:00,TRS0224,PC-9245,Logon
{O5C3-J6WG72EP-1167ABTC},01/03/2010 07:34:00,DLW1705,PC-2786,Logon
{I0S0-N0BB66JO-1061ODQC},01/03/2010 07:35:00,HWR1573,PC-0766,Logon
{M7B0-B4FA62IB-4052HDID},01/03/2010 07:35:00,LIJ1581,PC-6639,Logon
{U1Z0-G2SZ60UA-8374KRFT},01/03/2010 07:37:00,AHN0681,PC-9843,Logon
{J9B5-L3ES27WK-5353RIAF},01/03/2010 07:37:00,LTS1378,PC-8792,Logon
{S6O5-Q1HC35CY-0570HWHH},01/03/2010 07:40:00,DSB0530,PC-7866,Logon
{N0V6-Y0GU23EV-5321AGSE},01/03/2010 07:40:00,XJS1358,PC-9088,Logon
{B0A2-R1YX56FD-3990CINS},01/03/2010 07:43:00,CIM1232,PC-5902,Logon
{M3M0-N4UI01IZ-7102NJGE},01/03/2010 07:43:00,WIR1720,PC-9375,Logon
{W5Y5-Z2EW41KA-5047XATK},01/03/2010 07:45:00,DMN1365,PC-1667,Logon
{W2H6-D8WS12LQ-4058YCXJ},01/03/2010 07:45:00,KDC1240,PC-3537,Logon
{C4C6-Z4MD62ZU-2302GPAE},01/03/2010 07:45:00,TKH1718,PC-5226,Logon
{V0M8-A7XV99AQ-5630UHXU},01/03/2010 07:46:00,ADR1156,PC-2320,Logon
{N2D9-D1TT83LZ-6697WSSI},01/03/2010 07:46:00,IQT0352,PC-2822,Logon
{W6T5-E6IB97HL-6269GDBU},01/03/2010 07:47:00,CRM0907,PC-4993,Logon
{C1M5-W4FF22RI-3040HGVH},01/03/2010 07:47:00,JMM0613,PC-7127,Logon
{D4T9-I7FN57AB-1115IUUC},01/03/2010 07:48:00,AEG0962,PC-9155,Logon
{S4V8-O5QI03OP-2299ESOW},01/03/2010 07:49:00,EZB0925,PC-7486,Logon
{Y7U8-Y4EP62OD-8879MICY},01/03/2010 07:49:00,MAB1340,PC-1272,Logon
{O7X7-K1GU09GK-7201KIRG},01/03/2010 07:49:00,MRW0625,PC-0695,Logon
{G9N4-L3GF00GK-7255UCXP},01/03/2010 07:51:00,LJH1027,PC-6465,Logon
{R9N8-G9PG99VR-4986EGSQ},01/03/2010 07:52:00,NRH1383,PC-7800,Logon
{A4X2-U9SK07OD-2270CYYI},01/03/2010 07:52:00,SKF1892,PC-2506,Logon
{T3N4-W3RD58IS-1470QYXR},01/03/2010 07:52:00,XNC1338,PC-1858,Logon
{D3V4-F8IO43SD-4115VXRN},01/03/2010 07:54:00,BTV1433,PC-3881,Logon
{N3B8-I4FG33ZG-8916DCWV},01/03/2010 07:54:00,IRH1224,PC-4126,Logon
{Y3G0-U4YN47KH-9759YZNX},01/03/2010 07:57:00,GMR1399,PC-0806,Logon
{N9A7-E8WA73CS-3883LHTP},01/03/2010 08:00:00,KBC0818,PC-2626,Logon
{J6P4-J2OA61EG-8098FYFA},01/03/2010 08:00:00,KJM0889,PC-3982,Logon
{P0P3-B7RO75IJ-5084AFTQ},01/03/2010 08:00:00,SKW0066,PC-4099,Logon
{Y3E5-O5JH43YP-2140MCDI},01/03/2010 08:00:00,WTC0699,PC-9950,Logon
{L1B6-E8IR73AL-0609SXTE},01/03/2010 08:01:00,IBR0131,PC-4345,Logon
{D1L0-K5JQ33VZ-3600TDFL},01/03/2010 08:02:00,HLG1851,PC-2242,Logon
{D4M2-L3OW49IZ-8145JBIW},01/03/2010 08:02:00,ILM1441,PC-3978,Logon
{V8X4-X0PR82CU-4573BVHT},01/03/2010 08:03:00,ARD0790,PC-1832,Logon
{L9F4-L3EA08OI-5346GUKU},01/03/2010 08:03:00,BGR0917,PC-5297,Logon
{U8H2-J6JO47ST-6860PRGX},01/03/2010 08:03:00,DYN1105,PC-8118,Logon
{M9F6-V3WX86OK-3642IXMI},01/03/2010 08:03:00,GVM1337,PC-6338,Logon
{L6O2-N8PJ17TS-1358UMDU},01/03/2010 08:03:00,HTM1498,PC-6499,Logon
{O3P2-X0QP83OI-0090OARO},01/03/2010 08:03:00,JDB1163,PC-3342,Logon
{D5Y6-S0SS72UR-9089QYLT},01/03/2010 08:03:00,JEC1427,PC-1649,Logon
{X1N8-M7DW73RM-6733KRRS},01/03/2010 08:03:00,LNS0317,PC-6671,Logon
{X2V8-S0VF73PC-5391BHTX},01/03/2010 08:03:00,SEL1062,PC-3379,Logon
{H9O1-G2OW88YC-0949VORA},01/03/2010 08:03:00,ZHR0596,PC-0783,Logon
{J9U8-O3EW36WM-7939KCXQ},01/03/2010 08:04:00,OIP1053,PC-9821,Logon
{Z5B4-V4MI30SD-8503UWQQ},01/03/2010 08:04:00,SVF1858,PC-7110,Logon
{B0U8-K7DR24HR-2196CEWO},01/03/2010 08:06:00,JRC1963,PC-2666,Logon
{V6M9-T2FB63WL-5833APHF},01/03/2010 08:06:00,RCD0299,PC-6719,Logon
{X7P1-K4RF72YU-4620OHEB},01/03/2010 08:07:00,ACJ1797,PC-2009,Logon
{P8W5-D4JF45BI-0592WLGR},01/03/2010 08:07:00,JLL1975,PC-1910,Logon
{C8C4-G1LC68LU-2913EFQX},01/03/2010 08:09:00,LKM0230,PC-8111,Logon
{E4T3-W8UG76KM-9825ERTA},01/03/2010 08:10:00,GAT1343,PC-8168,Logon
{Q7L1-Z7NX36OC-3670NVNO},01/03/2010 08:11:00,ESH1028,PC-6004,Logon
{R0B0-F4WP60SO-0852NGSK},01/03/2010 08:11:00,HKK0881,PC-5329,Logon
{R9I5-I4ZI52WP-2000BVUW},01/03/2010 08:12:00,ATD0517,PC-4139,Logon
{V3M1-J8KL99ZH-0961HGHE},01/03/2010 08:15:00,AFC0792,PC-1262,Logon
{V3K4-S4JJ18RM-5182REEE},01/03/2010 08:16:00,SFA1912,PC-5868,Logon
{W5G1-V9AZ48EP-8589OSKG},01/03/2010 08:17:00,ACC0950,PC-0765,Logon
{P4Z4-E2VY89NT-6088ANUE},01/03/2010 08:17:00,DEO1964,PC-3336,Logon
{B5V1-S1LB15HF-5024TJMA},01/03/2010 08:24:00,IDB0843,PC-8163,Logon
{T9P3-S9LQ39DM-6102DNUL},01/03/2010 08:30:00,DCA0857,PC-3118,Logon
{P0B5-P7PM19ZB-1440ASSK},01/03/2010 08:31:00,KAD0387,PC-0557,Logon
{H8A2-U3AY62ZC-7280QFBL},01/03/2010 08:31:00,SFJ0856,PC-2281,Logon
{F4N9-Q4UX84WU-6613BOIE},01/03/2010 08:32:00,DCR1648,PC-8873,Logon
{B5F1-K1UQ63WH-3680TLPV},01/03/2010 08:34:00,AVH1217,PC-6822,Logon
{C1M9-A2JX13HS-4214HLHK},01/03/2010 08:34:00,RFP1918,PC-2165,Logon
{F8J2-T9HX29XR-1395IZMZ},01/03/2010 08:35:00,MLH0942,PC-9935,Logon
{C9J2-Q4EO05CN-3044CBVF},01/03/2010 08:38:00,HNJ0638,PC-3127,Logon
{E5K6-N3GH47JP-1171TMZD},01/03/2010 08:39:00,JIL1675,PC-5261,Logon
{V3M4-I3WI59BN-2728KWZS},01/03/2010 08:41:00,KSS1005,PC-5932,Logon
{O6L9-R8HE44CJ-5652ZJCW},01/03/2010 08:47:00,GGM1604,PC-7829,Logon
{S4P1-X4OD08IX-2107CERN},01/03/2010 08:47:00,SNO0033,PC-3654,Logon
{B7W0-J0CA22LJ-6517RFKH},01/03/2010 08:52:00,VCF1602,PC-2228,Logon
{T8P2-B4NJ32HQ-1073AGGO},01/03/2010 09:00:00,BJM1314,PC-1012,Logon
{W6D8-O7SW32LY-5864PKRQ},01/03/2010 09:00:00,NJB0011,PC-2311,Logon
{W3S5-N5JD60FA-6254DBLY},01/03/2010 09:06:00,FMG1549,PC-6008,Logon
{H1Y6-I9RP96ZT-3788MKLN},01/03/2010 09:08:00,HST0084,PC-2600,Logon
{Q3L1-S9ZE20XS-9180AJYK},01/03/2010 09:12:00,LSN1462,PC-2754,Logon
{N0Q1-I1UZ91XU-3673EUQF},01/03/2010 09:24:00,LRV1554,PC-7745,Logon
{G6H8-I5GC53AB-9317FAAR},01/03/2010 09:44:53,MAB1340,PC-1272,Logon
{S4C3-H6LB11GB-1138BFZL},01/03/2010 09:46:33,AWB1661,PC-1912,Logon
{C6H7-P1UC36JW-9912MILK},01/03/2010 09:51:22,GVM1337,PC-6338,Logon
{I7E0-F3GL49IM-7565XCGX},01/03/2010 09:53:33,HMI1448,PC-9352,Logon
{Q9E2-U7AZ74RB-7756AWGJ},01/03/2010 10:04:00,CAF0109,PC-3325,Logon
{S2H3-X1ZD00EW-3616STWR},01/03/2010 10:41:03,SEL1062,PC-3379,Logon
{K5X7-E7QF47XT-4550JIGD},01/03/2010 10:42:02,ESH1028,PC-6004,Logon
{V7T5-Z6CZ43UG-3753TUCD},01/03/2010 11:07:51,BTV1433,PC-7299,Logon
{P4N2-I9FW11FX-1563PHQB},01/03/2010 11:11:05,JEC1427,PC-1649,Logon
{L2Z8-E6PY54VI-2727RYRQ},01/03/2010 11:11:53,KMC1934,PC-2683,Logon
{K8Q5-K4BH19LZ-1802CXNL},01/03/2010 11:13:14,GIA1171,PC-1495,Logon
{T2L8-T2OF55RR-0866EWZQ},01/03/2010 11:18:23,JCB0544,PC-6264,Logon
{A3I7-O6EZ65FJ-1125XZMW},01/03/2010 11:32:19,BTV1433,PC-7299,Logoff
{M4H1-S7RW30GL-6809HUFR},01/03/2010 11:33:41,JIL1675,PC-5261,Logon
{G8U5-N3LS87PB-8539AHGH},01/03/2010 11:34:08,NRH1383,PC-7299,Logon
{S2H8-A8UY80UX-5401QLUC},01/03/2010 11:34:23,IQT0352,PC-2822,Logon
{X5S5-K8HS12ZE-5950VLLP},01/03/2010 11:35:56,NRH1383,PC-7299,Logoff
{O1X1-M6RY10YD-4691FDXL},01/03/2010 11:38:25,NHA0054,PC-7299,Logon
{Z4E2-B6CX59DA-4086QKZQ},01/03/2010 11:38:53,LRV1554,PC-7745,Logon
{D9F7-C9FN03BI-7087KEHL},01/03/2010 11:56:11,GAT1343,PC-8168,Logon
{U0Q9-P5GS59KZ-9016PRBA},01/03/2010 12:03:42,KDC1240,PC-3537,Logon
{M6G4-Z2HF98WV-1278HZGV},01/03/2010 12:05:10,NHA0054,PC-7299,Logoff
{C4T4-A4CC97AW-9018ACEK},01/03/2010 12:06:42,XJS1358,PC-9088,Logon
{T0K5-C6BR96EX-5932SUHJ},01/03/2010 12:10:10,ARD0538,PC-5216,Logon
{A2Q3-U8TR03TW-4903FIMS},01/03/2010 12:12:39,HBP0009,PC-8466,Logon
{Y2L5-Z7WN79CT-0218OBSV},01/03/2010 12:22:34,ATD0517,PC-4139,Logon
{G3F4-V2UX36UH-1882ICEX},01/03/2010 12:22:57,AHN0681,PC-1713,Logon
{N5N9-V8LY08YN-7237GSRD},01/03/2010 12:23:50,SKW0066,PC-4099,Logon
{P3N7-Z9ZW51HM-5105PAOT},01/03/2010 12:25:11,XNC1338,PC-1858,Logon
{B4N0-M4KA39JZ-5456EJCC},01/03/2010 12:31:12,HTM1498,PC-6499,Logon
{E4M7-S4TY68IG-9271REPD},01/03/2010 12:32:31,HKK0881,PC-5329,Logon
{L3V2-H0TR75JX-6076QZJM},01/03/2010 12:33:48,DSB0530,PC-7866,Logon
{D0K1-Z8IO92LA-4617OYKJ},01/03/2010 12:35:02,SNO0033,PC-3654,Logon
{A9R5-B1IE50OZ-0887VTSS},01/03/2010 12:40:12,AHN0681,PC-1713,Logoff
{Y6W7-Y5DC09WW-7918QPTQ},01/03/2010 12:40:25,KAD0387,PC-0557,Logon
{K2U9-E5BQ26WY-2078APZF},01/03/2010 12:41:27,MRW0625,PC-0695,Logon
{R1J6-O9PO74KS-1664KCOD},01/03/2010 12:42:11,MLH0942,PC-9935,Logon
{S8N2-H2RP57ZX-1452VTTN},01/03/2010 12:42:44,AEG0962,PC-9155,Logon
{G5X7-Z0TH42LW-5446XLJU},01/03/2010 12:44:57,ZHR0596,PC-0783,Logon
{J5J9-P0VI96JT-7920AEHC},01/03/2010 12:45:23,CRM0907,PC-4993,Logon
{S3K2-B6NK42FD-0564HOZP},01/03/2010 12:46:50,JRC1963,PC-2666,Logon
{W9F5-Q7WO04UY-3731YMQT},01/03/2010 12:51:28,RCD0299,PC-6719,Logon
{S7E9-R6OP48QE-1130LDIV},01/03/2010 12:53:22,AHN0681,PC-9843,Logon
{J6T2-F9KH95VM-0246ENGV},01/03/2010 12:56:14,HNJ0638,PC-3127,Logon
{T3B2-G2HB64KT-5373SRJO},01/03/2010 13:02:30,BTV1433,PC-3881,Logon
{N2G1-N7IQ76HO-5741NDRS},01/03/2010 13:06:41,SKF1892,PC-2506,Logon
{E6N7-I6QL86LR-9550VSHH},01/03/2010 13:09:58,AFC0792,PC-1262,Logon
{V8T4-X1BO44XW-6300FEJL},01/03/2010 13:13:29,WTC0699,PC-9950,Logon
{O0D6-M8TS65MR-3225OUFS},01/03/2010 13:14:53,RDC0128,PC-2973,Logon
{A1P3-F8CJ69JN-9533BWPW},01/03/2010 13:14:59,KJM0889,PC-3982,Logon
{T3T9-I5VB85AQ-8664YSQB},01/03/2010 13:18:14,LIJ1581,PC-6639,Logon
{O2N0-U2XU67EJ-0615FDFS},01/03/2010 13:18:40,ACC0950,PC-0765,Logon
{C8W0-Z0MX66KU-8080HSGA},01/03/2010 13:19:16,ILM1441,PC-3978,Logon
{E2E9-Q4AW61FY-3403UUGH},01/03/2010 13:22:59,CDG0551,PC-2273,Logon
{R8X2-H5RJ88ZN-5626AOMM},01/03/2010 13:23:13,TKH1718,PC-5226,Logon
{R9Y5-C1OX10LI-4223MAHD},01/03/2010 13:26:44,CIM1232,PC-5902,Logon
{P1C7-G0CY84LC-6934NMCP},01/03/2010 13:30:59,DCR1648,PC-8873,Logon
{S1E7-C2VH30ZC-5458GBNU},01/03/2010 13:32:26,KBC0818,PC-2626,Logon
{I2D9-Y9CE17VD-1124BBEN},01/03/2010 13:36:01,DMN1365,PC-1667,Logon
{M4J3-Z4AM59OS-6088MSTI},01/03/2010 13:36:51,IBR0131,PC-4345,Logon
{T9V1-J7ZX39MC-2101DYSR},01/03/2010 13:40:24,ARD0790,PC-1832,Logon
{T2W2-J2CS35PE-9895XRWG},01/03/2010 13:40:32,HLG1851,PC-2242,Logon
{K4U8-I0GG71NU-0879BZDQ},01/03/2010 13:43:08,JDB1163,PC-3342,Logon
{Z1D8-N9KS77LF-3625KQYI},01/03/2010 13:43:21,FMG1549,PC-6008,Logon
{J6M2-O5GW43YE-4163WVES},01/03/2010 13:43:59,EZB0925,PC-7486,Logon
{N4F1-O6DY32ZX-4016IUMY},01/03/2010 14:24:06,KSS1005,PC-5932,Logon
{M4T9-A6OQ47PS-1229ABOC},01/03/2010 14:47:00,CAF0109,PC-3325,Logoff
{E2K5-Y0UN21DC-2340LQLH},01/03/2010 14:47:26,HST0084,PC-2600,Logon
{G9F3-X6FU73IR-4063RKFT},01/03/2010 14:52:27,BJM1314,PC-1012,Logon
{N7T9-N5GJ17FY-2980ZYIO},01/03/2010 14:53:00,JCB0544,PC-6264,Logoff
{M9C7-S1UN13TE-9512VFTO},01/03/2010 15:12:00,GIA1171,PC-1495,Logoff
{H6Q9-S1FF39ZI-8238IJEJ},01/03/2010 15:23:57,EZB0925,PC-2231,Logon
{R0X4-Z9PB76PE-4398PKIL},01/03/2010 15:25:30,CDG0551,PC-7299,Logon
{G2R3-J9NS73DV-5462PNOU},01/03/2010 15:29:54,EZB0925,PC-2231,Logoff
{A1K1-X1IF90PQ-8937JIBC},01/03/2010 15:43:00,IQT0352,PC-2822,Logoff
{O3M0-G0YX82QC-2944TNYG},01/03/2010 15:43:00,JMM0613,PC-7127,Logoff
{V4X2-F8LP21RC-9026JECY},01/03/2010 15:44:00,DMN1365,PC-1667,Logoff
{R9S5-B0TV95MB-7914NPMR},01/03/2010 15:45:00,MRW0625,PC-0695,Logoff
{L1N7-S5UQ70BF-8197BYNM},01/03/2010 15:47:00,MLH0942,PC-9935,Logoff
{J2J5-I2MA91RM-0720CXEG},01/03/2010 15:51:00,RCD0299,PC-6719,Logoff
{K8K8-N3NV31DO-1763DWWF},01/03/2010 15:51:00,XJS1358,PC-9088,Logoff
{C1N8-I9AJ68WW-3039QQQC},01/03/2010 15:53:00,SEL1062,PC-3379,Logoff
{O3Q5-E1QI86OL-3294GUXH},01/03/2010 15:54:00,ESH1028,PC-6004,Logoff
{G5P2-N3FZ00KI-0713NHNT},01/03/2010 15:58:00,KMC1934,PC-2683,Logoff
{I0K6-U6BR68XZ-2366CADJ},01/03/2010 15:58:00,LTS1378,PC-8792,Logoff
{A6D6-Q8MC60SO-4996MMBB},01/03/2010 16:00:00,HRE1950,PC-8025,Logoff
{R1U8-F8LV27WV-2057ZCUU},01/03/2010 16:00:00,ILM1441,PC-3978,Logoff
{Y7Y5-G9JI27ZI-8219WZUL},01/03/2010 16:02:00,SKF1892,PC-2506,Logoff
{D0J0-K2HZ36KH-7487UXFH},01/03/2010 16:03:00,BTV1433,PC-3881,Logoff
{E3H9-K9CC00DY-2161ACWA},01/03/2010 16:06:00,LJH1027,PC-6465,Logoff
{A0X8-X3AI06CU-6159CMTK},01/03/2010 16:07:00,JEC1427,PC-1649,Logoff
{F9L4-I2ZO68JZ-0091THQM},01/03/2010 16:10:00,ATD0517,PC-4139,Logoff
{W5A7-N2KS30VD-1060QYAJ},01/03/2010 16:10:00,CRM0907,PC-4993,Logoff
{G4B4-E1SD32FG-0940KXKZ},01/03/2010 16:11:00,DCB0446,PC-7490,Logoff
{H8M8-X0FT82MF-9838XMGG},01/03/2010 16:12:29,CDG0551,PC-7299,Logoff
{L1H4-A9WE13OL-0509HXGY},01/03/2010 16:14:00,NHA0054,PC-2585,Logoff
{V6C4-O8VV83KS-5340EYWK},01/03/2010 16:14:00,PMB1928,PC-0026,Logoff
{A7L2-L7PJ90QW-8495NBLW},01/03/2010 16:24:00,RDC0128,PC-2973,Logoff
{T3T0-V0GD28HF-0504MVMZ},01/03/2010 16:28:00,AKS0586,PC-5335,Logoff
{B7T8-J3TF70KV-6640AFQF},01/03/2010 16:37:00,CDG0551,PC-2273,Logoff
{T9I0-S4TA42SJ-1463BEND},01/03/2010 16:42:00,AEG0962,PC-9155,Logoff
{I0U0-K2XK50LD-6316WQDY},01/03/2010 16:45:00,HJB1444,PC-3195,Logoff
{E6Q0-A1YY97TV-6427CWHB},01/03/2010 16:50:00,KDC1240,PC-3537,Logoff
{Y8G7-B3MR71QH-7887REGU},01/03/2010 16:52:00,TRS0224,PC-9245,Logoff
{W9A7-Y6VZ70YX-4216YIFY},01/03/2010 16:53:00,HMI1448,PC-9352,Logoff
{D8S7-Y9JZ95AQ-2725GHPN},01/03/2010 16:55:00,IBR0131,PC-4345,Logoff
{E7K9-J9FG12QC-5932CTHV},01/03/2010 16:56:00,GAT1343,PC-8168,Logoff
{E8O8-E7EK66BA-8486BPOD},01/03/2010 16:56:00,HBP0009,PC-8466,Logoff
{M2R8-V8EV24CE-7838TEFJ},01/03/2010 16:57:19,VRP0267,PC-8666,Logon
{L6Y8-D6DB92ZP-5227GEYA},01/03/2010 16:58:00,GVM1337,PC-6338,Logoff
{V2Z2-L5TR20FW-9681HLVE},01/03/2010 16:59:00,HTM1498,PC-6499,Logoff
{B6H8-D7IL04PS-8771VRIZ},01/03/2010 16:59:00,XNC1338,PC-1858,Logoff
{B3O7-L8FO03RZ-0418TDIC},01/03/2010 17:04:43,VRP0267,PC-8666,Logoff
{T1H2-J7HN86LF-7706LSQI},01/03/2010 17:05:00,MAB1340,PC-1272,Logoff
{S6A1-B2TO49XP-3852SXSS},01/03/2010 17:08:00,SNO0033,PC-3654,Logoff
{H5C1-L9LE67JP-2484PNCI},01/03/2010 17:12:00,DEO1964,PC-3336,Logoff
{N1F5-I6WF10QW-3784NQQJ},01/03/2010 17:15:00,JLL1975,PC-1910,Logoff
{N9O1-F4JH31ML-8572ABHI},01/03/2010 17:15:00,JRC1963,PC-2666,Logoff
{R9C9-U2QM69FE-5209MJUF},01/03/2010 17:26:00,DSB0530,PC-7866,Logoff
{X6F0-S0WU19PF-1115RSJR},01/03/2010 17:29:00,DCR1648,PC-8873,Logoff
{Z6C4-Q7BU01DI-4364ZCVI},01/03/2010 17:30:00,JIL1675,PC-5261,Logoff
{Y4V1-H5XX78OK-9542YIGO},01/03/2010 17:37:00,ARD0538,PC-5216,Logoff
{G4I3-J2AH35RB-0796CHDT},01/03/2010 17:43:00,TKH1718,PC-5226,Logoff
{F4T2-L7KA34NP-8309DFLQ},01/03/2010 17:52:00,HLG1851,PC-2242,Logoff
{K9B8-F1SJ99HX-4253WADB},01/03/2010 17:52:00,LSN1462,PC-2754,Logoff
{Y9E6-W6XJ02CG-0629AGNN},01/03/2010 17:52:00,WIR1720,PC-9375,Logoff
{N4G3-G5OU05SN-9303LHZT},01/03/2010 17:53:00,DLW1705,PC-2786,Logoff
{G7H5-A8VO88EV-8739VJKE},01/03/2010 17:53:00,HNJ0638,PC-3127,Logoff
{X5B2-I5SX10TZ-6288PAFH},01/03/2010 17:53:00,LKM0230,PC-8111,Logoff
{F3A8-V7TY35EQ-5539WEWK},01/03/2010 17:56:00,BGR0917,PC-5297,Logoff
{Y7T0-H9DG97JS-4405LAWN},01/03/2010 17:58:00,ACJ1797,PC-2009,Logoff
{N8R6-P2IN03SH-4026ATCR},01/03/2010 17:58:00,SKW0066,PC-4099,Logoff
{J7D4-K2CA58CF-4892WEQS},01/03/2010 18:00:00,AVH1217,PC-6822,Logoff
{F3C2-D4MV41SF-3648NWAT},01/03/2010 18:00:00,HST0084,PC-2600,Logoff
{K8Q4-Y4GR18BC-3697FJNJ},01/03/2010 18:00:00,KJM0889,PC-3982,Logoff
{E5S8-B0AQ05JF-6486FKKV},01/03/2010 18:00:00,SVF1858,PC-7110,Logoff
{I3Z9-N6QX78YZ-9831KLXQ},01/03/2010 18:00:00,ZHR0596,PC-0783,Logoff
{K6Z4-E9EG19NH-1965PSXF},01/03/2010 18:04:00,GMR1399,PC-0806,Logoff
{P3J4-R9UQ17EM-6517AEZE},01/03/2010 18:05:00,OIP1053,PC-9821,Logoff
{V1U4-E0VD38KE-1023SFFN},01/03/2010 18:11:00,EZB0925,PC-7486,Logoff
{H5Q1-W3UX87BF-1090NUJQ},01/03/2010 18:11:00,NRH1383,PC-7800,Logoff
{K1H0-U8GP48WA-6551QOQH},01/03/2010 18:15:00,AWB1661,PC-1912,Logoff
{I6Z9-M2WO65UP-0188RRTZ},01/03/2010 18:21:00,KAD0387,PC-0557,Logoff
{Y6Q9-A1IN32ME-1201SQGW},01/03/2010 18:28:00,EMR0269,PC-7899,Logoff
{W5Z6-W9GW04WZ-6544QBYN},01/03/2010 18:28:00,VRP0267,PC-5687,Logoff
{I5X0-Z0ID47AW-5553SMGA},01/03/2010 18:35:00,HBR1528,PC-3311,Logoff
{V8T3-T7NF78YJ-9235NRCR},01/03/2010 18:35:00,IDB0843,PC-8163,Logoff
{V6W1-A3ED38PN-8393KEWU},01/03/2010 18:40:00,BCA1517,PC-9373,Logoff
{U5V0-C5MA06KF-6741FDHE},01/03/2010 18:41:00,AHN0681,PC-9843,Logoff
{C9A9-G8VE16YI-6649JGTQ},01/03/2010 18:46:00,KSS1005,PC-5932,Logoff
{X6X7-J1GE31RS-1931QVES},01/03/2010 18:51:00,IRH1224,PC-4126,Logoff
{X3Y6-I4AV09EQ-1501YLIX},01/03/2010 18:56:00,FMG1549,PC-6008,Logoff
{K9S9-C1KV91ZS-7656FPXF},01/03/2010 18:57:00,LNS0317,PC-6671,Logoff
{Z1O8-X1JI90VE-5022CNLL},01/03/2010 18:58:00,JDB1163,PC-3342,Logoff
{D5M2-S9AG46ON-6698HDJG},01/03/2010 18:59:00,BJM1314,PC-1012,Logoff
{G9H6-Q4DU62HJ-8003VRGL},01/03/2010 19:00:00,CIM1232,PC-5902,Logoff
{R5Y1-B1MB09JA-4021MYUB},01/03/2010 19:00:00,VCF1602,PC-2228,Logoff
{D8C8-B5FL93XZ-8619CXAZ},01/03/2010 19:04:00,GGM1604,PC-7829,Logoff
{L0I0-R5XF23KF-5427VFGC},01/03/2010 19:06:00,LRV1554,PC-7745,Logoff
{L6T9-D4DH18BR-2221IHCZ},01/03/2010 19:10:00,ADR1156,PC-2320,Logoff
{Z4Z8-A7TX25AW-4596ZYZQ},01/03/2010 19:15:00,ACC0950,PC-0765,Logoff
{R7W6-J0BR71TE-2382VXPD},01/03/2010 19:15:00,AFC0792,PC-1262,Logoff
{D0O1-Z2QL15KJ-2025WRUV},01/03/2010 19:15:00,ARD0790,PC-1832,Logoff
{I5B1-Y5SV03HU-9350ZRUZ},01/03/2010 19:16:00,HKK0881,PC-5329,Logoff
{G3P1-B5PC13ZN-2486LHIS},01/03/2010 19:26:00,HWR1573,PC-0766,Logoff
{Q1S7-T9LS82QI-0343DBDV},01/03/2010 19:27:00,LIJ1581,PC-6639,Logoff
{Z0H7-T5GT93SR-7895SPJS},01/03/2010 19:28:00,SFJ0856,PC-2281,Logoff
{A2B1-Q4FR89BI-6345UZKH},01/03/2010 19:29:00,DCA0857,PC-3118,Logoff
{A7V2-N0GS53QQ-7832XOZL},01/03/2010 19:40:00,CBD1574,PC-9687,Logoff
{J4Y1-S9JO33XF-3739JUID},01/03/2010 19:57:00,KBC0818,PC-2626,Logoff
{C9B9-Z4OZ35NN-0685YSFE},01/03/2010 20:00:00,DYN1105,PC-8118,Logoff
{X2K7-S2XC89ON-9024JWIL},01/03/2010 20:02:29,AHN0681,PC-5507,Logon
{Z4H4-Q9LI46WA-4961DYUA},01/03/2010 20:15:00,WTC0699,PC-9950,Logoff
{H0T6-J0LO29OI-2043YFVY},01/03/2010 20:22:15,AHN0681,PC-5507,Logoff
{X7X1-K8WP26EW-3993UYUF},01/03/2010 20:27:00,RFP1918,PC-2165,Logoff
{W2T2-O4WR72AP-1471RGVQ},01/03/2010 20:38:00,SFA1912,PC-5868,Logoff
{A5P6-W2XD68WZ-4435FSQK},01/03/2010 21:11:00,NJB0011,PC-2311,Logoff
{Z9X1-O6GU94UT-4579CSTN},01/03/2010 21:12:28,GIA1171,PC-1495,Logon
{M1E7-A5BC26FL-1589KUHX},01/03/2010 22:19:31,EMR0269,PC-1887,Logon
{M5Z5-U1XV59OI-9156JLNL},01/03/2010 22:37:36,EMR0269,PC-1887,Logoff
{R4F8-G0RP65TF-9653FZOX},01/04/2010 00:00:09,EZB0925,PC-9370,Logon
{G3I0-Y7PH61FD-7833VODJ},01/04/2010 00:00:14,AHN0681,PC-2754,Logon
{P2T2-A6YF98TF-4472CERT},01/04/2010 00:01:17,LSH0464,PC-9132,Logon
{P0M2-Z9PE14RD-6482ROMB},01/04/2010 00:01:37,HJS0909,PC-4126,Logon
{D5Z6-E7SQ06RS-2459QZAE},01/04/2010 00:01:40,CRC1132,PC-5732,Logon
{F9F4-L8BF28KJ-3027TJAF},01/04/2010 00:01:53,EZB0925,PC-9370,Logoff
{I5E2-L0VI20OP-9393PYTW},01/04/2010 00:02:05,AHN0681,PC-2754,Logoff
{B8T4-J2UE00AN-9511TSTM},01/04/2010 00:02:10,EZB0925,PC-6525,Logon
{W3B3-X1OJ70TT-8960PIOI},01/04/2010 00:02:34,AHN0681,PC-4740,Logon
{P4Q5-T7RA01RL-6724QHCT},01/04/2010 00:03:37,OQE0920,PC-7860,Logon
{D1L6-X1QS30QI-7895NBSA},01/04/2010 00:03:52,EZB0925,PC-6525,Logoff
{Z8G4-S3SU66YD-5621EFIY},01/04/2010 00:03:56,EZB0925,PC-1570,Logon
{C7E5-M3QL29QF-6040QBVS},01/04/2010 00:05:10,HJS0909,PC-4126,Logoff
{U3U6-D8QH08UW-1757GPJK},01/04/2010 00:05:31,CRC1132,PC-5732,Logoff
{P6K8-E3FO99AI-6826OCSK},01/04/2010 00:05:31,LIB1125,PC-4846,Logon
{O0I5-T0KV27WR-1533FPPN},01/04/2010 00:06:11,HLH0682,PC-6206,Logon
{I7R5-Q1MB01CZ-0077IYRM},01/04/2010 00:06:35,LIB1125,PC-4846,Logoff
{B2R1-M2GO70IX-6471FMJS},01/04/2010 00:06:53,LSH0464,PC-9132,Logoff
{L2E3-I2PS90ML-6865LLCL},01/04/2010 00:06:57,HJS0909,PC-1011,Logon
{V4M9-L6CQ12MM-5907NXLE},01/04/2010 00:07:20,LIB1125,PC-2184,Logon
{T1N8-U2DB55GX-6841HETL},01/04/2010 00:08:16,AMC0265,PC-9493,Logon
{P2R9-S6MF35OH-8747JYIG},01/04/2010 00:08:44,GKW0043,PC-7902,Logon
{Y3Q8-U1HL06XU-7976GRLY},01/04/2010 00:11:03,CRC1132,PC-1847,Logon
{F9Z7-Q3II84RN-4483FWTY},01/04/2010 00:12:13,CRC1132,PC-1847,Logoff
{X6A9-Y8MN21RL-3802ASBJ},01/04/2010 00:12:56,LIB1125,PC-2184,Logoff
{X3I9-K4ND52YT-7452IGIE},01/04/2010 00:14:47,MPF0690,PC-6842,Logon
{N3N7-D6IZ40WH-6235AQQZ},01/04/2010 00:17:23,LSH0464,PC-2370,Logon
{R6N9-Q8UP34GS-9699TVJN},01/04/2010 00:17:59,QAP0266,PC-5094,Logon
{K3G5-V7FM16IO-7944SALD},01/04/2010 00:18:44,AHN0681,PC-4740,Logoff
{K9T8-R7MX76MY-8706KISR},01/04/2010 00:20:12,EZB0925,PC-1570,Logoff
{Y5N8-S7CX42VS-0873THHN},01/04/2010 00:20:39,HLH0682,PC-6206,Logoff
{H7I2-E7HV20CX-1832WKXG},01/04/2010 00:21:39,OQE0920,PC-7860,Logoff
{V4R7-X6TM52BV-7902JAPS},01/04/2010 00:21:47,AMC0265,PC-9493,Logoff
{Z2D3-K2DA52NN-9984VATF},01/04/2010 00:22:01,OQE0920,PC-8930,Logon
{C9U0-H2LB88WM-3760OHED},01/04/2010 00:23:33,LSH0464,PC-2370,Logoff
{V1T4-N0ZQ95PX-0619ZNDK},01/04/2010 00:23:59,GKW0043,PC-7902,Logoff
{Z3Z8-P4KY05BB-8686SNKQ},01/04/2010 00:24:56,OQE0920,PC-8930,Logoff
{A8R5-Q8WZ89CW-0969HQCT},01/04/2010 00:25:16,HJS0909,PC-1011,Logoff
{T2N6-Q6UC77GN-2139LWGC},01/04/2010 00:25:24,OQE0920,PC-2223,Logon
{M4N6-K3PT11EB-5091CTNS},01/04/2010 00:27:32,OQE0920,PC-2223,Logoff
{I8W1-L0YF90XM-2822JCII},01/04/2010 00:28:07,OQE0920,PC-3407,Logon
{D8A6-D1OJ95OX-3643XMFD},01/04/2010 00:29:14,MPF0690,PC-6842,Logoff
{J9V8-E2SO82AO-0391PEMI},01/04/2010 00:29:23,OQE0920,PC-3407,Logoff
{A5H9-X9TS06DR-1025IHSC},01/04/2010 00:29:53,MYB0686,PC-4822,Logon
{O0O6-F2OJ92VF-9610DKEY},01/04/2010 00:30:47,QAP0266,PC-5094,Logoff
{F3U7-C7YO13PM-6750MBFD},01/04/2010 00:31:36,HLH0682,PC-3284,Logon
{R6Q6-U3AB63QS-1692SUEX},01/04/2010 00:37:54,VRP0267,PC-2444,Logon
{H1S0-M1HE30QW-1619UGLO},01/04/2010 00:38:51,RVJ0046,PC-8507,Logon
{Z5M5-C4US66UF-1238YLRZ},01/04/2010 00:41:07,RVJ0046,PC-8507,Logoff
{J7K1-D9XQ49XC-8802OLBM},01/04/2010 00:42:58,MYB0686,PC-4822,Logoff
{L6C6-J4XV03EI-2572WQSI},01/04/2010 00:44:29,HLH0682,PC-3284,Logoff
{V8A1-Q9SR43CN-9291NCHR},01/04/2010 00:45:08,GCH0470,PC-7353,Logon
{Z9L6-W1WG59XF-5187DEYQ},01/04/2010 00:46:08,GCH0470,PC-7353,Logoff
{J4O5-U2RT17TW-0203NUSD},01/04/2010 00:48:19,TAW0689,PC-5412,Logon
{Y1S9-C5FR31MY-4821MSXF},01/04/2010 00:50:45,WFV0687,PC-7876,Logon
{Q8J1-T8WJ76DI-3680TFII},01/04/2010 00:53:41,AAW0914,PC-4302,Logon
{L4G6-P0NP75VX-6658VWVM},01/04/2010 00:54:33,TAW0689,PC-5412,Logoff
{J1T9-M6HO28TN-8048EULZ},01/04/2010 00:55:14,AVP1137,PC-1237,Logon
{D5T9-Q7LU39TD-2057ZTBM},01/04/2010 00:56:41,VRP0267,PC-2444,Logoff
{I2X1-L0KK27SU-0980NGJQ},01/04/2010 01:02:29,MPF0690,PC-0976,Logon
{L7K3-E5RU68ZF-1811VEVN},01/04/2010 01:04:10,WFV0687,PC-7876,Logoff
{F7O5-W3SX64ZH-3414JSMN},01/04/2010 01:04:20,BGR0917,PC-8583,Logon
{T6L5-S1XW70SX-7232DZDP},01/04/2010 01:04:46,AVP1137,PC-1237,Logoff
{I5X5-J9UT15ME-6074USNM},01/04/2010 01:07:08,AAW0914,PC-4302,Logoff
{K9N9-J9MS60HP-9142TCMH},01/04/2010 01:07:30,BGR0917,PC-8583,Logoff
{S0J6-R8UJ70EL-6732YJPQ},01/04/2010 01:08:29,CRD0272,PC-8536,Logon
{M9I6-J6AT50FO-3985ASMG},01/04/2010 01:12:29,MPF0690,PC-0976,Logoff
{L2Q6-P7OF97EH-4532OLJV},01/04/2010 01:15:41,AVP1137,PC-2007,Logon
{F7X7-M9CS72IQ-0866AKNN},01/04/2010 01:18:38,HLH0682,PC-9684,Logon
{Y1C1-Y2DU44XF-9386MFWP},01/04/2010 01:20:21,CRC1132,PC-4728,Logon
{V7F3-U9NQ07ZS-4661WUTC},01/04/2010 01:24:19,AVP1137,PC-2007,Logoff
{F1R0-K6JY15ED-0609PXAO},01/04/2010 01:26:29,DCC1119,PC-8294,Logon
{K9H4-V6ZH80PB-9113ACUS},01/04/2010 01:27:32,CRD0272,PC-8536,Logoff
{E1W5-U8SP32EU-4445SAQD},01/04/2010 01:29:05,HLH0682,PC-9684,Logoff
{R3D8-Y7UZ05QQ-8244WPIV},01/04/2010 01:29:28,LAH0463,PC-2353,Logon
{H2W8-V0YP88EQ-8293EHZC},01/04/2010 01:35:23,LAH0463,PC-2353,Logoff
{W9Z4-T0FU57EQ-6062GWAR},01/04/2010 01:35:32,AMC0265,PC-5003,Logon
{F6J1-O0ZB14AA-3740AXUJ},01/04/2010 01:36:54,KCM0466,PC-8247,Logon
{S6S8-H3CP78RG-4532KVQA},01/04/2010 01:39:25,CRC1132,PC-4728,Logoff
{O4D1-Y7SW08FB-1085ENRR},01/04/2010 01:43:45,DCC1119,PC-8294,Logoff
{T4F1-F4TE35QI-9036HPIK},01/04/2010 01:45:21,AMC0265,PC-5003,Logoff
{Q0K6-U1YT62HB-5992ULJM},01/04/2010 01:48:25,CAP0471,PC-3204,Logon
{X9V8-W7XZ29DW-5310OCDW},01/04/2010 01:48:52,AAG1136,PC-3971,Logon
{M2N2-S6NB21OM-4728SIVK},01/04/2010 01:52:15,GKW0043,PC-6649,Logon
{S6Q9-F4GK79VY-9584MSTT},01/04/2010 01:52:24,EZB0925,PC-3829,Logon
{N9S3-I7HE16AI-1268UPGM},01/04/2010 01:56:33,KCM0466,PC-8247,Logoff
{O0K1-P3JI79NS-1003XRPU},01/04/2010 01:57:42,REL0910,PC-7184,Logon
{O2X0-I4GE88GP-5933NLAW},01/04/2010 01:57:56,CAP0471,PC-3204,Logoff
{Y6G1-T4QM52JY-8573PQRO},01/04/2010 01:58:21,AAG1136,PC-3971,Logoff
{N3W8-T7OD02MZ-1673LUMZ},01/04/2010 01:58:22,ZEH0685,PC-7441,Logon
{T4X4-E6MU55BD-8208URKY},01/04/2010 01:59:14,REL0910,PC-7184,Logoff
{Q1T5-A6JH53YC-0064FIMJ},01/04/2010 01:59:50,PCK0271,PC-2530,Logon
{W1E9-H1VY10ZC-5671IYEZ},01/04/2010 02:02:55,REL0910,PC-0984,Logon
{H4C4-W5WH54CS-7773VSVF},01/04/2010 02:07:34,EZB0925,PC-3829,Logoff
{T6G9-H8FJ73UO-6634JZVP},01/04/2010 02:07:56,ZEH0685,PC-7441,Logoff
{Y8G4-F6RC16ZZ-6052HBVV},01/04/2010 02:08:36,GKW0043,PC-6649,Logoff
{L9H3-I5QV07ET-6052XQVZ},01/04/2010 02:10:00,PCK0271,PC-2530,Logoff
{I5I0-Q2KO62WD-6631PFBW},01/04/2010 02:10:28,CBD1128,PC-2595,Logon
{B5E9-M3QJ38HX-2999AAJF},01/04/2010 02:18:46,REL0910,PC-0984,Logoff
{Q0S8-W9YR52PV-7633IAVF},01/04/2010 02:18:59,ILF0913,PC-7305,Logon
{S6M8-B6HW73GG-1289SMMC},01/04/2010 02:22:35,CBD1128,PC-2595,Logoff
{B2D4-X8RY91MZ-7953JUQD},01/04/2010 02:28:00,TAW0689,PC-3436,Logon
{H5A6-F5AZ66TA-6920JLDR},01/04/2010 02:34:38,EZB0925,PC-7019,Logon
{M3E6-A5SZ51KK-1584MIWB},01/04/2010 02:34:57,ILF0913,PC-7305,Logoff
{A7K8-G2TF02AH-8687EYVI},01/04/2010 02:35:51,REL0910,PC-7211,Logon
{W2O2-Y5HJ62VU-8694JSDG},01/04/2010 02:36:02,DCC1119,PC-3501,Logon
{T1D0-P1WJ15VY-8885FWMM},01/04/2010 02:40:01,LJF1138,PC-5642,Logon
{V8S4-F4GP52NC-9280WJNI},01/04/2010 02:41:31,EZB0925,PC-7019,Logoff
{D0F4-P5NR01PM-8514GDTN},01/04/2010 02:41:57,DCC1119,PC-3501,Logoff
{I0Y3-Y1KA79PO-0266RBHJ},01/04/2010 02:42:16,AVP1137,PC-8748,Logon
{W1W2-F7WQ98SL-5646SBDA},01/04/2010 02:44:30,MPF0690,PC-7631,Logon
{G6O7-D6VR13BP-7323MSHS},01/04/2010 02:46:01,TAW0689,PC-3436,Logoff
{C9O8-A4DW67BA-6525GQHS},01/04/2010 02:47:20,AVP1137,PC-8748,Logoff
{M9F6-P2YM83LQ-6966KCAQ},01/04/2010 02:50:44,REL0910,PC-7211,Logoff
{J1Y5-B9SV03XN-8447JSGF},01/04/2010 02:52:38,LSH0464,PC-9962,Logon
{Q7G3-R9AJ31GE-8557AWLN},01/04/2010 02:53:20,LJF1138,PC-5642,Logoff
{Y4H9-P3VY42JG-7519XKUQ},01/04/2010 02:58:39,MPF0690,PC-7631,Logoff
{Q2I7-M9EJ92BC-8465IMNM},01/04/2010 03:04:30,AAG1136,PC-5456,Logon
{T9K7-V6YM92ET-1312KZCD},01/04/2010 03:10:20,LSH0464,PC-9962,Logoff
{H9M1-Q7RF82ZM-1817COXN},01/04/2010 03:11:08,SIS0042,PC-7037,Logon
{V3Y3-V0KJ22TI-3287USCC},01/04/2010 03:12:13,SIS0042,PC-7037,Logoff
{H3D4-Y6OE43DU-9289VTNW},01/04/2010 03:18:42,PTD0273,PC-5057,Logon
{F1P1-U1RU13AJ-0431TVCY},01/04/2010 03:19:42,AAG1136,PC-5456,Logoff
{W7M7-U7KN86ML-4469EDNR},01/04/2010 03:23:16,AAG1136,PC-2011,Logon
{T1D5-M6VC90IY-5806UZYB},01/04/2010 03:25:22,PTD0273,PC-5057,Logoff
{T7L0-U1IX59VI-4233BLBR},01/04/2010 03:30:55,ESW0928,PC-4602,Logon
{N1F1-H0UQ75IR-7375OIUY},01/04/2010 03:31:53,AAG1136,PC-2011,Logoff
{T7G4-E6TX77ZO-4447YRHS},01/04/2010 03:42:18,JWS0047,PC-4239,Logon
{F0E0-Z4EA33UG-2995QRLQ},01/04/2010 03:43:41,ESW0928,PC-4602,Logoff
{M3J1-E7ZV51XG-0955SETQ},01/04/2010 03:53:51,JWS0047,PC-4239,Logoff
{O0V0-C2QE23DX-7123DMUR},01/04/2010 03:54:00,TAW0689,PC-8748,Logon
{A6D7-X9AS40UT-9916YKBG},01/04/2010 03:56:34,JWS0047,PC-4959,Logon
{J2H1-H3DV62EF-8973VHHR},01/04/2010 04:01:54,AAG1136,PC-7111,Logon
{K9M6-F7CX36VX-4630VXPZ},01/04/2010 04:05:17,AAG1136,PC-7111,Logoff
{F7E1-D9QO15TZ-6990PDYP},01/04/2010 04:07:30,JWS0047,PC-4959,Logoff
{D5H3-G8CP70WM-2030MGYP},01/04/2010 04:08:39,TAW0689,PC-8748,Logoff
{I0I9-Q0SY83CI-8675OIPR},01/04/2010 04:08:58,CRD0272,PC-3497,Logon
{R9R3-V3QO39VL-3264BPDE},01/04/2010 04:12:50,BGR0917,PC-5783,Logon
{C6N4-I0RV76UJ-2327UFHF},01/04/2010 04:12:54,CRD0272,PC-3497,Logoff
{I2D0-H0NK42AS-4090GFEF},01/04/2010 04:14:08,ELM1123,PC-7939,Logon
{C6J1-K9SL45XH-6737KRFF},01/04/2010 04:14:19,WFV0687,PC-9658,Logon
{C2T2-A0ZD82XB-3135QYTM},01/04/2010 04:17:49,ELM1123,PC-7939,Logoff
{B4Y9-R3HQ88TS-7221TGRN},01/04/2010 04:18:03,WFV0687,PC-9658,Logoff
{L7S5-P6XQ78MI-3924GLMT},01/04/2010 04:20:25,ELM1123,PC-7203,Logon
{F2U0-M5RC04XU-8422WSPL},01/04/2010 04:23:31,ELM1123,PC-7203,Logoff
{O8L4-P2YR63FS-2600NIXM},01/04/2010 04:23:40,ELM1123,PC-0040,Logon
{F4N0-E2LQ47IB-1879NQLO},01/04/2010 04:30:49,BGR0917,PC-5783,Logoff
{H8B8-L3OZ29KF-9991EBOL},01/04/2010 04:35:32,ELM1123,PC-0040,Logoff
{Z5Q7-D3DD34ZH-0227OWSD},01/04/2010 04:43:32,AMC0265,PC-7673,Logon
{B2W7-A5WY85OO-8368PVHT},01/04/2010 04:52:24,AMC0265,PC-7673,Logoff
{X6Z9-A7KT69DI-8775KQVT},01/04/2010 04:59:26,JDR0927,PC-5412,Logon
{D6B4-B9QA47IF-6521EZSY},01/04/2010 05:01:24,GIA1171,PC-1495,Logoff
{Q5J8-W4EZ40TN-4013VSLV},01/04/2010 05:04:11,SSN1130,PC-7539,Logon
{V9A8-N1WJ36DZ-1464DMHL},01/04/2010 05:10:12,LIB1125,PC-2077,Logon
{C1X4-M0WF20XZ-8531DTMN},01/04/2010 05:11:41,NRS0270,PC-9222,Logon
{N2D6-G1MN71FY-9784VPUS},01/04/2010 05:12:05,AMC0265,PC-3446,Logon
{S6P3-I9NR35MN-4278FRYK},01/04/2010 05:18:25,JDR0927,PC-5412,Logoff
{C3B7-P7JL47NW-5148NYCQ},01/04/2010 05:20:02,LIB1125,PC-2077,Logoff
{L3G0-J2GK07FJ-7085JTTZ},01/04/2010 05:20:57,SSN1130,PC-7539,Logoff
{K6T8-P8BC20KH-7756WXLO},01/04/2010 05:21:31,CTB0923,PC-1379,Logon
{A2Y0-Z6BR11GO-4371ONZP},01/04/2010 05:21:51,SSN1130,PC-3495,Logon
{I7C0-Y0VR66VJ-5378QNKT},01/04/2010 05:26:05,AMC0265,PC-3446,Logoff
{U6G4-M3RZ03OF-9353YYMS},01/04/2010 05:27:53,NRS0270,PC-9222,Logoff
{T6K9-V0IH85AT-5129IBZA},01/04/2010 05:28:27,CTB0923,PC-1379,Logoff
{E0Z7-U3MU18DT-6735LXGT},01/04/2010 05:32:13,WFV0687,PC-9738,Logon
{K8C5-O2KY92GE-5436VLAO},01/04/2010 05:33:32,WFV0687,PC-9738,Logoff
{E5R7-K8YC46ML-8710HQZW},01/04/2010 05:35:29,MYB0686,PC-4099,Logon
{H3Q4-O7FX22GI-2557QBSF},01/04/2010 05:37:14,CTB0923,PC-7801,Logon
{K7X2-Q5ZN72TH-8871EGHD},01/04/2010 05:39:57,SSN1130,PC-3495,Logoff
{M8I8-U0YH26UQ-6103LNVI},01/04/2010 05:42:42,PTD0273,PC-4587,Logon
{H6Q3-A9LM11SE-9109UQAX},01/04/2010 05:46:12,KCM0466,PC-7292,Logon
{G9U4-E5TT17CZ-0967HDAK},01/04/2010 05:47:14,NSS0926,PC-6092,Logon
{P8T2-B7NR62UA-0019BHHJ},01/04/2010 05:47:14,PTD0273,PC-4587,Logoff
{R6V8-T8WC73QQ-5660WAHM},01/04/2010 05:49:24,NSS0926,PC-6092,Logoff
{X8M6-Z2BH09RY-5246CIUP},01/04/2010 05:50:49,CTB0923,PC-7801,Logoff
{V6N9-M2AA95HX-1328HJJT},01/04/2010 05:51:02,MYB0686,PC-4099,Logoff
{G9C1-J1TS65XI-3964BLTD},01/04/2010 05:53:39,GKW0043,PC-1254,Logon
{C9K0-R6UV44CH-8879UZOR},01/04/2010 05:57:07,KCM0466,PC-7292,Logoff
{B9R2-A0GI82HZ-7859UJDU},01/04/2010 05:57:29,SMW1131,PC-3325,Logon
{M2V6-L3RG69CL-2112GRVD},01/04/2010 05:59:57,NRS0270,PC-8653,Logon
{H1M5-P1XS17PB-3698PLMD},01/04/2010 06:00:36,GKW0043,PC-1254,Logoff
{U0F4-A5RE71XR-5046BDZX},01/04/2010 06:16:52,SMW1131,PC-3325,Logoff
{K7Q3-N5XY85AG-9816CDKD},01/04/2010 06:17:45,DCC1119,PC-9479,Logon
{D5R1-O3NE77OV-1708UFAQ},01/04/2010 06:19:12,NRS0270,PC-8653,Logoff
{Q1H8-I9IF36IJ-9240AGFB},01/04/2010 06:19:20,NRS0270,PC-8654,Logon
{X4C0-H6LM60CX-4123OYOQ},01/04/2010 06:22:24,DCC1119,PC-9479,Logoff
{L6I1-I8LA88QT-9995VKWY},01/04/2010 06:29:12,CTB0923,PC-6190,Logon
{C0X6-L0HG93VB-0499ANBO},01/04/2010 06:30:00,JDG0255,PC-5878,Logon
{S7U2-C5OS77AU-3096JSMV},01/04/2010 06:30:00,TBP0548,PC-7815,Logon
{O1F9-C4LZ22QJ-7561MJUW},01/04/2010 06:30:18,CTB0923,PC-6190,Logoff
{U0Z0-A1HP88AO-3934QEYN},01/04/2010 06:30:21,FAJ1122,PC-2231,Logon
{T7P8-R3KU62QQ-0565KMVQ},01/04/2010 06:31:00,EAP0107,PC-8867,Logon
{Z7I4-I8EJ92XB-8540TBTP},01/04/2010 06:31:00,EJB0241,PC-5801,Logon
{M4H6-R5WU73UN-3440UNZW},01/04/2010 06:32:00,HMI1448,PC-9352,Logon
{E3A8-I6SN26RK-2355APPH},01/04/2010 06:33:00,EJG1445,PC-1855,Logon
{F8H8-K7JG45NE-2684PNXF},01/04/2010 06:33:00,JBB1333,PC-7198,Logon
{A3I0-I3AE61OJ-1352VHQL},01/04/2010 06:33:00,ZXR1452,PC-2510,Logon
{W5A5-Q6VY85YO-9758LGWF},01/04/2010 06:34:00,CZY0110,PC-6402,Logon
{S3K0-X6ON15UO-8572XBQT},01/04/2010 06:34:00,LRF0549,PC-7936,Logon
{J3Z8-N2IJ68FC-8637JNXD},01/04/2010 06:34:00,NRS0270,PC-8654,Logoff
{O5L4-B1TG51MI-0294FAZC},01/04/2010 06:34:00,ZUR1449,PC-6417,Logon
{D9K5-T5RJ09MF-0578MOZD},01/04/2010 06:34:07,WFV0687,PC-3853,Logon
{W9C5-B4AS34PQ-7346NUQC},01/04/2010 06:35:00,ZKP0542,PC-2083,Logon
{G0R8-S6CZ23WZ-5584KWJF},01/04/2010 06:35:37,NRS0270,PC-2525,Logon
{N4E8-U5BM39AF-2205HIIC},01/04/2010 06:36:00,BGH1443,PC-3016,Logon
{V5I0-R4JT17FT-4794OGCR},01/04/2010 06:36:00,IPF0550,PC-2278,Logon
{L8X5-D9TY39BU-4151HZBS},01/04/2010 06:37:00,JAG0106,PC-3871,Logon
{I6T5-G2MK10GC-0782MWPM},01/04/2010 06:37:00,ZEP0543,PC-6252,Logon
{B3H6-M4VQ79XE-3521OKJS},01/04/2010 06:37:01,JBI1134,PC-9021,Logon
{L3I4-Q3GA26DA-0814VIEH},01/04/2010 06:39:00,BSY1451,PC-8251,Logon
{E9R3-I7YL07RC-8302XGQU},01/04/2010 06:39:00,CKR1446,PC-1931,Logon
{O3O4-C5QH74IK-9809HXBZ},01/04/2010 06:39:00,SCW1456,PC-7112,Logon
{S4B1-S6PI78GI-4543EBNL},01/04/2010 06:40:00,BDP0096,PC-0989,Logon
{V4H4-S0FJ39UK-6017QLPG},01/04/2010 06:41:00,JMV1450,PC-4078,Logon
{Q3Z7-W4DD79EH-3309JCCB},01/04/2010 06:41:00,RAB1453,PC-5188,Logon
{T5F2-O0GB56BZ-2315CTQV},01/04/2010 06:41:36,NRS0270,PC-2525,Logoff
{L5G6-L9FE66AB-5997TMFX},01/04/2010 06:42:00,LAS0256,PC-1379,Logon
{D2A6-P6OE38GY-3410ULIG},01/04/2010 06:42:00,SDL0541,PC-9939,Logon
{V6J2-T4FZ32NA-4223SLXY},01/04/2010 06:42:00,UMB0108,PC-9617,Logon
{I3N8-A3JT23OP-3278YVKF},01/04/2010 06:42:07,MYB0686,PC-3731,Logon
{O5Q0-V8XH90IL-6005VBFJ},01/04/2010 06:43:00,BKL0545,PC-3492,Logon
{O5D0-N4LF39KP-8919WFVQ},01/04/2010 06:43:00,RDB0546,PC-4692,Logon
{B1O2-C9CE99KD-3551ABIT},01/04/2010 06:44:00,BRM1454,PC-5477,Logon
{P6W9-E7MP54UK-2889CGBI},01/04/2010 06:44:00,CEG1442,PC-8849,Logon
{F8B3-O9AL00EI-0238OLCZ},01/04/2010 06:45:00,ACA1126,PC-1737,Logon
{F7Y8-Y4XZ73BR-9086NHAW},01/04/2010 06:45:00,CAF0109,PC-3325,Logon
{H6R6-K6OD29YB-1790BKHH},01/04/2010 06:45:00,CLJ1447,PC-6738,Logon
{W0N6-R2CS39ZW-4584TOFA},01/04/2010 06:45:00,EMB0902,PC-9673,Logon
{P1C6-C0VL24VM-2022VRZN},01/04/2010 06:45:00,KAG0547,PC-8240,Logon
{D1R1-P7EJ42AO-3749UFBI},01/04/2010 06:45:00,MBG1455,PC-0562,Logon
{P0A1-X8OM73JF-6983BUAX},01/04/2010 06:45:00,MGS1944,PC-3399,Logon
{R3I4-I0TZ17DT-1546JJRK},01/04/2010 06:45:00,NTG1667,PC-6342,Logon
{S3B5-A7WW07BE-3067XVHD},01/04/2010 06:45:00,RKW1936,PC-8374,Logon
{X5P8-T5YK39TQ-8951FAVY},01/04/2010 06:45:00,SBP1176,PC-8694,Logon
{Y6E8-L8AJ72AU-3095HKBC},01/04/2010 06:46:00,BBH1945,PC-0754,Logon
{J5R7-V4NE00JN-5573XDYD},01/04/2010 06:46:00,CLZ1937,PC-3007,Logon
{P6D3-J8II88HF-8262NKUB},01/04/2010 06:46:00,EKS1182,PC-4175,Logon
{K8D2-U4SW00QQ-5330CKTM},01/04/2010 06:46:00,ELC1173,PC-9780,Logon
{N6Y8-U0QI41OL-4938FZRI},01/04/2010 06:46:00,GXM1952,PC-7561,Logon
{L4Q9-A2RO92JM-2148FNJA},01/04/2010 06:46:00,HJB1444,PC-3195,Logon
{G7B9-W8HI72HQ-2913DSNT},01/04/2010 06:46:00,MOD1927,PC-7301,Logon
{O6Y9-J1UF10LS-2469QULT},01/04/2010 06:46:00,NAB1673,PC-4685,Logon
{Y9G0-U1HB18HC-7056WYTQ},01/04/2010 06:47:00,AAG1136,PC-2705,Logon
{O4Q9-E5MK76RQ-3594QKGH},01/04/2010 06:47:00,BKA1178,PC-7887,Logon
{L5D8-H2KB65EI-1107EVMU},01/04/2010 06:47:00,DXF1662,PC-7775,Logon
{W0F3-B3VU49OH-5335AMBM},01/04/2010 06:47:00,JBR1940,PC-6126,Logon
{Z4Y1-R1YY01DI-0484DTQG},01/04/2010 06:47:00,JUW1135,PC-8228,Logon
{Y0X9-V8PS32UF-2934MGQC},01/04/2010 06:47:00,KMC1934,PC-2683,Logon
{O2T3-S7SN52PD-0377LEKF},01/04/2010 06:47:30,WFV0687,PC-3853,Logoff
{E9D7-N9TW16UV-3683TXIW},01/04/2010 06:47:35,FAJ1122,PC-2231,Logoff
{F1N1-Y6SX70SH-3413PUCT},01/04/2010 06:48:00,AVP1137,PC-8318,Logon
{L0S5-T8YB08YV-6485NXMF},01/04/2010 06:48:00,DCC1119,PC-0972,Logon
{J5R3-P2KV23LI-4817UJBU},01/04/2010 06:48:00,JLD1666,PC-2804,Logon
{Q8L3-Q5FH76ZY-1218JBVY},01/04/2010 06:48:00,MKT1931,PC-8083,Logon
{X2U6-D8CR35IV-1178JOSQ},01/04/2010 06:48:00,YBD1929,PC-2182,Logon
{I4M0-W1AQ66SU-5493AOCG},01/04/2010 06:48:15,JBI1134,PC-9021,Logoff
{S4W0-G6TC43GZ-4429EWNU},01/04/2010 06:49:00,ELM1123,PC-3126,Logon
{V8N3-Y7MG93OS-4367USGC},01/04/2010 06:49:00,GSA1925,PC-6818,Logon
{W4Q1-M9LX98TB-1967LNSJ},01/04/2010 06:49:00,HRE1950,PC-8025,Logon
{C5Q9-S2RT30OR-6276LSAF},01/04/2010 06:49:00,LSC1951,PC-2184,Logon
{H2G8-P5TN17FP-6572YTQR},01/04/2010 06:49:00,MBH1177,PC-4254,Logon
{Y2T4-R8BR94UW-7666APUK},01/04/2010 06:49:00,OFS0030,PC-6827,Logon
{M9E3-S6EP34QE-5800AFFW},01/04/2010 06:49:00,RCW1932,PC-6990,Logon
{H3Y2-U8XG52TP-8064YHLN},01/04/2010 06:49:00,SSS1129,PC-5299,Logon
{Q8N6-G4LQ98NM-3461MWKC},01/04/2010 06:49:00,WHG1669,PC-3491,Logon
{S8K9-M2VM59RT-7028BBTF},01/04/2010 06:50:00,ACD1174,PC-5047,Logon
{X4P3-P7GO47WT-3484INSW},01/04/2010 06:50:00,FAJ1122,PC-6400,Logon
{G4R4-L5DS01GZ-7236NPRZ},01/04/2010 06:50:00,HBF1179,PC-5653,Logon
{X4E4-A0NI11PH-0871BUVO},01/04/2010 06:50:00,JDJ1949,PC-0448,Logon
{X9N4-R7VF91GB-0384TRJJ},01/04/2010 06:50:00,JOE1672,PC-9667,Logon
{H8A3-N8TF97XG-5361PCXQ},01/04/2010 06:50:12,ELM1123,PC-7299,Logon
{L5Q9-H2TY41BM-9023ONGG},01/04/2010 06:51:00,CBD1128,PC-2017,Logon
{I6R7-O1UK32VI-3659VHZJ},01/04/2010 06:51:00,CTP0071,PC-4302,Logon
{B0G6-J8IN67TI-2326LKZV},01/04/2010 06:51:00,DEC1939,PC-5120,Logon
{P5B9-Y6NU74NQ-9464FNKF},01/04/2010 06:51:00,DNW0899,PC-1124,Logon
{S9V5-P5CZ43XR-6393GHIW},01/04/2010 06:51:00,HPC1941,PC-2077,Logon
{C6V8-B3NK00NN-9068TEKJ},01/04/2010 06:51:00,KJW1664,PC-0060,Logon
{V7L6-F4QC44DD-1316JPHT},01/04/2010 06:51:00,SAF1942,PC-0709,Logon
{H8H7-Z5UV75QX-8669ABJM},01/04/2010 06:52:00,CDD1124,PC-2502,Logon
{S7D5-M6CP07GA-4292OTDX},01/04/2010 06:52:00,CRC1132,PC-4279,Logon
{C7Z2-L6RV27RX-9167JTBM},01/04/2010 06:52:00,EKR0073,PC-1104,Logon
{G0F9-F4EB63YY-2267WFXL},01/04/2010 06:52:00,MES1674,PC-1128,Logon
{Y8Q6-L9RW01IR-7462AFXG},01/04/2010 06:52:00,MNM1948,PC-2945,Logon
{N9Y7-V2DG35RB-2012GQGO},01/04/2010 06:52:00,SSN1130,PC-7058,Logon
{D0V0-O9AK65BI-9019QYVY},01/04/2010 06:52:00,TCA1183,PC-2213,Logon
{D6I6-Q4TG70EO-8874ZPAX},01/04/2010 06:53:00,BHG1947,PC-3003,Logon
{C9F8-S1OA41RF-7538JZVI},01/04/2010 06:53:00,BOS1170,PC-5872,Logon
{D3J6-J5IA88IN-5346ZGBX},01/04/2010 06:53:00,CQR1172,PC-9371,Logon
{M3V8-N1YO44PN-7418VPYG},01/04/2010 06:53:00,GIA1171,PC-1495,Logon
{M1D9-I5RW48YH-7464HBDE},01/04/2010 06:53:00,JCB0544,PC-6264,Logon
{F8C5-A6JE37YT-8648GKJS},01/04/2010 06:53:00,MAC1175,PC-3919,Logon
{F4D2-A5DI50BL-5250YXKZ},01/04/2010 06:53:00,RMK1771,PC-9800,Logon
{U5Y6-J2FV78WV-5408WONT},01/04/2010 06:53:00,TAL1665,PC-0496,Logon
{D5G7-R7HQ22YG-7358KGYO},01/04/2010 06:54:00,DIB1946,PC-7659,Logon
{K8G2-W8AW96XD-3336TGTD},01/04/2010 06:54:00,GWO1660,PC-8501,Logon
{J7K3-D5AP46PH-0981WISD},01/04/2010 06:54:00,KJG1121,PC-0307,Logon
{V9S1-U4SR32XI-8907QWFY},01/04/2010 06:54:00,LAF1938,PC-2031,Logon
{B1Y5-K0RV24YE-0703MCVK},01/04/2010 06:54:00,LJF1138,PC-3177,Logon
{C0L6-U5MM12KQ-3405XEQW},01/04/2010 06:54:00,NBB1935,PC-7668,Logon
{K5J0-P1MZ30WD-1390LAFI},01/04/2010 06:54:00,YBH1926,PC-2360,Logon
{B5D9-V5LL57IU-6681XYHM},01/04/2010 06:54:29,NRS0270,PC-7898,Logon
{A8Y9-E9NW58QQ-2014GVNG},01/04/2010 06:55:00,AVG1169,PC-5862,Logon
{V0C1-R3KX82HF-8116YWYC},01/04/2010 06:55:00,LIB1125,PC-7814,Logon
{S8H1-H2PG48GP-5774QQRL},01/04/2010 06:55:32,ELM1123,PC-7299,Logoff
{Q6U6-P1IZ12WY-1001GHKG},01/04/2010 06:56:00,CWW1120,PC-0617,Logon
{O8N3-G2FX36QS-6189HZSJ},01/04/2010 06:56:00,JCC0016,PC-5241,Logon
{S6J7-R9UU50CF-8279GGJY},01/04/2010 06:56:00,PPB1181,PC-4959,Logon
{V7J3-X4IE16ZA-7234LKAI},01/04/2010 06:56:00,REF1924,PC-8855,Logon
{W4Z5-W5KB05QH-3906FQXI},01/04/2010 06:56:00,SMW1131,PC-8421,Logon
{A4Q4-L2RR54IB-1605RUZT},01/04/2010 06:56:00,TRA1671,PC-5590,Logon
{T4M2-C7BD24PI-2960NJRU},01/04/2010 06:56:00,URB1668,PC-1242,Logon
{M2H8-F7BD92RV-0801MSJU},01/04/2010 06:57:00,XKR0168,PC-4422,Logon
{N3I0-S8TM88LG-6303MWIG},01/04/2010 06:58:00,BTG1551,PC-4686,Logon
{U5U9-Q4SZ47YM-9900JKVH},01/04/2010 06:58:00,HAL1933,PC-4311,Logon
{S0M2-D2WD92AB-6738AUUR},01/04/2010 06:58:00,PDH1180,PC-9450,Logon
{H5T1-N2MF63PA-0275SQCE},01/04/2010 06:58:00,SSM1663,PC-4766,Logon
{Q3V2-H3WG96QW-1002RBFN},01/04/2010 06:58:00,TDR1930,PC-5883,Logon
{A2S1-H7IM20TE-7043HYNL},01/04/2010 06:59:00,RSM1133,PC-5798,Logon
{W4R9-H4QN94JM-5713PREH},01/04/2010 06:59:03,MYB0686,PC-3731,Logoff
{Y7E3-W0ML81HX-6099YOCN},01/04/2010 06:59:14,NRS0270,PC-7898,Logoff
{B6K3-S8KB26SR-4550FYZA},01/04/2010 06:59:32,CTB0923,PC-5350,Logon
{R9F5-R8BD60OS-8819FFTC},01/04/2010 06:59:52,PDH1180,PC-7299,Logon
{W9G8-U9CV63NX-4833PTPH},01/04/2010 07:00:00,CTB0744,PC-3206,Logon
{U8Q9-X7RL19LB-1426VSQI},01/04/2010 07:00:00,DQR1670,PC-1106,Logon
{R2K9-T8ZZ86XW-1100YUHC},01/04/2010 07:00:00,KOL1923,PC-8584,Logon
{S4K4-Q4TY47IZ-3374DPLY},01/04/2010 07:00:00,MEH0029,PC-7412,Logon
{G0W8-Y5AM39SR-7281PAQN},01/04/2010 07:00:00,YKW1943,PC-8272,Logon
{H9F9-S4WB67MG-9829XBHB},01/04/2010 07:01:00,HBP0009,PC-8466,Logon
{N0S7-O6BZ27FF-4350LUBG},01/04/2010 07:01:00,OCW1127,PC-7239,Logon
{H1A5-L1XI90ML-1573TJAC},01/04/2010 07:01:00,RMP0754,PC-8515,Logon
{X6E9-O3FD57BX-2992ZQPJ},01/04/2010 07:01:03,PDH1180,PC-7299,Logoff
{A8M7-K9YP69WC-0326WURM},01/04/2010 07:01:19,JDJ1949,PC-7299,Logon
{B3U0-M5DR59QU-0730OUNF},01/04/2010 07:02:00,GFS0750,PC-8774,Logon
{B7P9-U7PR37CJ-2599IDCV},01/04/2010 07:02:00,GRB0748,PC-5105,Logon
{O9B3-S1SH10ZM-1369EXMX},01/04/2010 07:02:00,PHP0436,PC-2609,Logon
{X4H5-O2VB36CS-4708UTUJ},01/04/2010 07:02:00,SKL0325,PC-1624,Logon
{Z3L3-G9MF42GN-1467VSKB},01/04/2010 07:02:00,ZAR0235,PC-8040,Logon
{S0X2-E8HL69FI-5294ZJRF},01/04/2010 07:02:11,SKV0041,PC-6477,Logon
{Y6S0-J4EZ60UW-4469FNJA},01/04/2010 07:02:41,CTB0923,PC-5350,Logoff
{G9Q3-N1XZ36ZZ-3935QNNE},01/04/2010 07:03:00,AWB1661,PC-1912,Logon
{C6Y3-F3XR45CH-4312WARY},01/04/2010 07:03:00,IEP0746,PC-6901,Logon
{N3T2-O2MB89ZD-7081XHON},01/04/2010 07:03:00,JAM0752,PC-5901,Logon
{J9A8-L7MO89MH-0042PSDI},01/04/2010 07:03:00,NHA0054,PC-2585,Logon
{Y6F8-K0AP02WY-3305TJYK},01/04/2010 07:04:00,JBI1134,PC-7235,Logon
{X8D4-M5NN59SI-7183EDMQ},01/04/2010 07:04:00,PMB1928,PC-0026,Logon
{R8P4-L6UE80DZ-2351KIRB},01/04/2010 07:04:29,VRP0267,PC-8053,Logon
{A7K9-J1UX38PZ-8830EOZU},01/04/2010 07:05:00,AST0328,PC-3115,Logon
{M1I5-H7FB29ZF-5265DFVA},01/04/2010 07:05:00,CSB0327,PC-8958,Logon
{N5C3-N3CF83AD-7865TAXZ},01/04/2010 07:05:00,DDW0757,PC-8352,Logon
{J2K2-I8RK49EA-7435NPUZ},01/04/2010 07:05:00,EBA0758,PC-4259,Logon
{B7Y8-A9GH90UQ-5143GIGV},01/04/2010 07:05:00,NKG0319,PC-6541,Logon
{F1C5-E0XA63OQ-8713TKLR},01/04/2010 07:05:33,SFA1912,PC-5868,Logon
{V1W2-T8XP54ES-9921SDKU},01/04/2010 07:06:00,EPJ0445,PC-4379,Logon
{Q9F0-J3CQ95ZA-8976MHHX},01/04/2010 07:06:00,PXS0749,PC-8921,Logon
{N9J8-A7LX74RE-7402VUZE},01/04/2010 07:07:00,AMB0745,PC-1307,Logon
{R8Y6-A9FZ76BY-2974OLIO},01/04/2010 07:09:00,AGB0447,PC-1409,Logon
{M3O2-B7UL61AU-0106USXM},01/04/2010 07:09:00,AKR0756,PC-5634,Logon
{C0U3-G2RB09ZP-0133DZYG},01/04/2010 07:09:00,BWW0751,PC-0010,Logon
{F0L1-L5OS75KU-1500QDIP},01/04/2010 07:10:00,TDK0753,PC-8281,Logon
{U7P8-J1TA58WH-2373CRHI},01/04/2010 07:11:00,DCB0446,PC-7490,Logon
{L6N0-F5OG25UF-7845QBWU},01/04/2010 07:12:00,ZWS0755,PC-1474,Logon
{H1O6-Q2CH77GT-8552SDAA},01/04/2010 07:14:00,JDC0326,PC-8104,Logon
{B0U0-P2IJ90KP-7524TSON},01/04/2010 07:14:00,KIC0438,PC-1615,Logon
{I6W3-R2FD63QO-4925WVCL},01/04/2010 07:14:00,UJC0329,PC-6856,Logon
{M7R6-R8YO15ZY-7057ZBXG},01/04/2010 07:14:14,JDJ1949,PC-7299,Logoff
{I8R3-H1EN94IM-2385TUDW},01/04/2010 07:14:21,HBP0009,PC-7299,Logon
{C0J5-N1TK54RC-5676OEJB},01/04/2010 07:15:00,AEM0113,PC-4819,Logon
{I5U4-N9BV69YB-6430DAMX},01/04/2010 07:15:00,BCR0747,PC-2351,Logon
{N3E0-P6GV89GP-7398TZQM},01/04/2010 07:15:00,BYW1523,PC-4867,Logon
{Z4E5-D2ZY97BH-1893JWUX},01/04/2010 07:15:00,CCW0097,PC-9392,Logon
{R2O4-D9YI68HE-3447IKHD},01/04/2010 07:15:00,CRD0404,PC-5707,Logon
{Y6U6-U1RJ77SW-2748HWQU},01/04/2010 07:15:00,GHW0372,PC-1816,Logon
{J6Q4-W9IS07LM-7635RXCV},01/04/2010 07:15:00,HLH0682,PC-0792,Logon
{W4M4-A0YH60SU-1426LGKU},01/04/2010 07:15:00,HXP0976,PC-4657,Logon
{V2O2-I0FH53PA-1017THUB},01/04/2010 07:15:00,JMA0540,PC-3927,Logon
